0.000000000000000000e+00,2.490410017752698810e-03,6.709209064760320029e-02,2.847236302933162437e-12,1.880192751412570172e-04,3.504274037642826078e-01,6.553529385172430702e-08
3.344481605351170422e-02,3.300345759744542119e-03,7.479383911654824413e-02,-2.777829642865861283e-09,2.623484784499656029e-04,3.580978963854030694e-01,2.376015644315006251e-07
6.688963210702340845e-02,4.263533718503041692e-03,8.250471693587538291e-02,-4.916213790425646932e-09,3.558109527500875609e-04,3.651554754083715659e-01,3.909568917948054778e-07
1.003344481605351057e-01,5.372218720658231660e-03,9.020574040246796821e-02,-6.468304963623395869e-09,4.702938052739484803e-04,3.716141278176984808e-01,5.266428844220073677e-07
1.337792642140468169e-01,6.618645592840146155e-03,9.787792581320930996e-02,-7.490102919706100035e-09,6.076841432538737610e-04,3.774878405978943086e-01,6.457011507934754321e-07
1.672240802675585281e-01,7.995059161678820178e-03,1.055022894649826348e-01,-8.037607415920743097e-09,7.698690739221890735e-04,3.827906007334697103e-01,7.491732993895773263e-07
2.006688963210702115e-01,9.493704253177494973e-03,1.130598476546713499e-01,-8.166818209514313685e-09,9.587357042705503540e-04,3.875363952089352360e-01,8.381009386906828232e-07
2.341137123745819226e-01,1.110674255131280722e-02,1.205316166791586263e-01,-7.933735057733793813e-09,1.176139217150575390e-03,3.917392110088013246e-01,9.135256771771605309e-07
2.675585284280936338e-01,1.282602253041380085e-02,1.278986128353278573e-01,-7.394357717826168802e-09,1.423814531943547396e-03,3.954130351175784153e-01,9.764891233293796929e-07
3.010033444816053172e-01,1.464331892340347586e-02,1.351418524200623805e-01,-6.604685947038428937e-09,1.703468253457851578e-03,3.985718545197772245e-01,1.028032885627708070e-06
3.344481605351170561e-01,1.655040646320482881e-02,1.422423517302453533e-01,-5.620719502617554577e-09,2.016806986501872706e-03,4.012296561999080802e-01,1.069198572552515330e-06
3.678929765886287395e-01,1.853905988274085273e-02,1.491811270627602104e-01,-4.498458141810533525e-09,2.365537335883995552e-03,4.034004271424816435e-01,1.101027792584170186e-06
4.013377926421404229e-01,2.060105390307128206e-02,1.559391947144902202e-01,-3.293901621864353999e-09,2.751365897496535831e-03,4.050981543320084644e-01,1.124562154203040929e-06
4.347826086956521618e-01,2.272795478386843357e-02,1.624975709823186787e-01,-2.063049700025993874e-09,3.175842594056167006e-03,4.063368247529989263e-01,1.140843265889497332e-06
4.682274247491638453e-01,2.491058907430566960e-02,1.688372721631288265e-01,-8.619021335424442639e-10,3.639961404589570331e-03,4.071304253899634684e-01,1.150912736123907049e-06
5.016722408026755842e-01,2.713961932570633714e-02,1.749393147185357156e-01,2.535426922139961876e-10,4.144593052376771558e-03,4.074929432274129182e-01,1.155812173386639219e-06
5.351170568561872676e-01,2.940570808939385258e-02,1.807862400316290752e-01,1.239985835822722245e-09,4.690608260697807716e-03,4.074383652498574926e-01,1.156583186158062979e-06
5.685618729096989510e-01,3.169951791669158719e-02,1.863658416267296725e-01,2.097867836419688314e-09,5.278877752832708027e-03,4.069806784418080747e-01,1.154267382918547467e-06
6.020066889632106344e-01,3.401171146038624304e-02,1.916670429229832828e-01,2.837038921599818697e-09,5.910272223803357192e-03,4.061338697877749371e-01,1.149906372148460761e-06
6.354515050167224288e-01,3.633351043237757066e-02,1.966787673395357372e-01,3.467349318958040592e-09,6.585506667280189089e-03,4.049119262722685741e-01,1.144541762328171788e-06
6.688963210702341122e-01,3.865800565291924173e-02,2.013899382955327277e-01,3.998649256089273338e-09,7.304775518928365019e-03,4.033288348797996470e-01,1.139215161938049896e-06
7.023411371237457956e-01,4.097867809877801804e-02,2.057894792101201131e-01,4.440788960588445788e-09,8.068164553459412913e-03,4.013985825948785391e-01,1.134968179458463587e-06
7.357859531772574790e-01,4.328900874672066135e-02,2.098663135024436133e-01,4.803618660050478107e-09,8.875759545584865906e-03,3.991351564020158560e-01,1.132842423369781153e-06
7.692307692307691624e-01,4.558247857351391957e-02,2.136093645916490591e-01,5.096988582070298322e-09,9.727646270016241520e-03,3.965525432857220922e-01,1.133879502152372154e-06
8.026755852842808459e-01,4.785256871683404856e-02,2.170075558968820872e-01,5.330748954242829493e-09,1.062391042885365601e-02,3.936647302305078533e-01,1.139121024286605093e-06
8.361204013377926403e-01,5.009315556843604855e-02,2.200498108372887784e-01,5.514750004162998819e-09,1.156445936332925993e-02,3.904857042208835227e-01,1.149608598252848895e-06
8.695652173913043237e-01,5.229936104007745779e-02,2.227250528320146306e-01,5.658841959425727706e-09,1.254863836600655230e-02,3.870294522413597615e-01,1.166383832531472063e-06
9.030100334448160071e-01,5.446655176675523763e-02,2.250222053002054745e-01,5.772875047625941699e-09,1.357568229656113540e-02,3.833099612764470088e-01,1.190488335602843523e-06
9.364548494983276905e-01,5.659009438346621068e-02,2.269301916610071412e-01,5.866699496358564686e-09,1.464482601466858547e-02,3.793412183106558144e-01,1.222963715947332412e-06
9.698996655518393739e-01,5.866535552520733138e-02,2.284379353335654339e-01,5.950165533218523037e-09,1.575530438000449091e-02,3.751372103284966175e-01,1.264851582045306808e-06
1.003344481605351168e+00,6.068770206001424666e-02,2.295343645315658376e-01,6.033148827441640334e-09,1.690635211145215255e-02,3.707119238049285115e-01,1.317193585549853329e-06
1.036789297658862852e+00,6.265281009838863380e-02,2.302147698229553008e-01,6.159286105740392880e-09,1.809701709652078438e-02,3.660786690400609222e-01,1.381088668309417086e-06
1.070234113712374535e+00,6.455727462275630268e-02,2.304933466459541391e-01,6.472530484902930946e-09,1.932579207870455465e-02,3.612487471724111776e-01,1.457806002195280698e-06
1.103678929765886219e+00,6.639786050081643298e-02,2.303877856582674799e-01,7.135382037934794928e-09,2.059106716391535113e-02,3.562330878774485066e-01,1.548646231989365373e-06
1.137123745819397902e+00,6.817133260026818353e-02,2.299157775176007001e-01,8.310340837841525220e-09,2.189123245806502693e-02,3.510426208306415830e-01,1.654910002473592738e-06
1.170568561872909585e+00,6.987445578881068542e-02,2.290950128816590381e-01,1.015990695762866222e-08,2.322467806706547330e-02,3.456882757074596357e-01,1.777897958429882730e-06
1.204013377926421269e+00,7.150399525241227239e-02,2.279431824081476765e-01,1.284658047030174715e-08,2.458979387772864539e-02,3.401809821833717273e-01,1.918910744640157400e-06
1.237458193979932952e+00,7.305697366860257336e-02,2.264779767547718814e-01,1.653286144886631875e-08,2.598479251692573794e-02,3.345316699338465316e-01,2.079249005886337530e-06
1.270903010033444858e+00,7.453113549049193709e-02,2.247170865792368910e-01,2.138124996632796042e-08,2.740738973350951430e-02,3.287512686343532220e-01,2.260213386950345597e-06
1.304347826086956541e+00,7.592435068712850843e-02,2.226782025392478881e-01,2.755424609569213979e-08,2.885521486982068826e-02,3.228507079603608054e-01,2.463104532614100689e-06
1.337792642140468224e+00,7.723448922756045998e-02,2.203790152925103329e-01,3.521434990996443362e-08,3.032589726819998749e-02,3.168409175873382333e-01,2.689223087659524010e-06
1.371237458193979908e+00,7.845942108083586719e-02,2.178372154967292695e-01,4.452406148215036909e-08,3.181706627098811191e-02,3.107328271907544570e-01,2.939869696868538038e-06
1.404682274247491591e+00,7.959701673714454639e-02,2.150704938096100749e-01,5.564588088525550976e-08,3.332635096561421817e-02,3.045373664460785390e-01,3.216345005023062706e-06
1.438127090301003275e+00,8.064542597757111408e-02,2.120965408888579040e-01,6.874230819228537285e-08,3.485124382698043949e-02,2.982654650287793752e-01,3.519949656905020068e-06
1.471571906354514958e+00,8.160353749367080245e-02,2.089330473921779951e-01,8.397584347624551530e-08,3.638887589884847590e-02,2.919280526143259724e-01,3.851984297296330906e-06
1.505016722408026641e+00,8.247036077702261936e-02,2.055977012596280629e-01,1.015092729816865491e-07,3.793631913677909806e-02,2.855360588781873932e-01,4.213749570978916001e-06
1.538461538461538325e+00,8.324490531920564207e-02,2.021069766493482633e-01,1.216331956443408554e-07,3.949064549633305582e-02,2.791004134958325889e-01,4.606546122734696983e-06
1.571906354515050008e+00,8.392618061179892008e-02,1.984742273568259052e-01,1.449667883284033845e-07,4.104892693307112678e-02,2.726320461427304553e-01,5.031674597345594210e-06
1.605351170568561692e+00,8.451319698170346728e-02,1.947123126663483084e-01,1.721813005203242676e-07,4.260823523120099016e-02,2.661418864943499996e-01,5.490435639593529735e-06
1.638795986622073597e+00,8.500527973748527033e-02,1.908340918622029037e-01,2.039479817065538347e-07,4.416557756143507651e-02,2.596408642261603394e-01,5.984129894260426457e-06
1.672240802675585281e+00,8.540254111327028053e-02,1.868524242286770387e-01,2.409380813735417540e-07,4.571779966918201182e-02,2.531399090136303709e-01,6.514058006128201346e-06
1.705685618729096964e+00,8.570521421689257513e-02,1.827801690500580056e-01,2.838228490077385141e-07,4.726172250452535806e-02,2.466499505322291008e-01,7.081520619978776456e-06
1.739130434782608647e+00,8.591353215618627304e-02,1.786301856106332353e-01,3.332735340955942068e-07,4.879416701754872576e-02,2.401819184574255361e-01,7.687818380594075532e-06
1.772575250836120331e+00,8.602772803898542375e-02,1.744153331946900476e-01,3.899613861235589502e-07,5.031195415833566997e-02,2.337467424646885172e-01,8.334251932756015546e-06
1.806020066889632014e+00,8.604803616517033016e-02,1.701484710865157346e-01,4.545576545780828624e-07,5.181190498820565510e-02,2.273553522294872731e-01,9.022121921246523631e-06
1.839464882943143698e+00,8.597502189805682205e-02,1.658424585703977550e-01,5.277335889456161675e-07,5.329087146169383254e-02,2.210186774272905330e-01,9.752728990847514217e-06
1.872909698996655381e+00,8.581003203219525477e-02,1.615101549306234563e-01,6.101604387126089836e-07,5.474577845266458132e-02,2.147476477335674983e-01,1.052737378634091529e-05
1.906354515050167064e+00,8.555452606037243501e-02,1.571644194514800752e-01,7.025094533655112700e-07,5.617356135142878570e-02,2.085531928237869814e-01,1.134735695250863957e-05
1.939799331103678748e+00,8.520996347537515558e-02,1.528181114172550703e-01,8.054518823907733567e-07,5.757115554829739940e-02,2.024462423734181560e-01,1.221397913413261845e-05
1.973244147157190653e+00,8.477780376999020928e-02,1.484840901122357337e-01,9.196589752748463146e-07,5.893549643358134832e-02,1.964377260579297790e-01,1.312854097599477142e-05
2.006688963210702337e+00,8.425950787830152611e-02,1.441752028697541044e-01,1.045806834184843152e-06,6.026352003515404038e-02,1.905385578461401552e-01,1.409235345804123897e-05
2.040133779264214020e+00,8.365684228938445599e-02,1.399017634206015381e-01,1.185600329588794999e-06,6.155229754414513754e-02,1.847563218968845677e-01,1.510891861503542351e-05
2.073578595317725703e+00,8.297225522585666146e-02,1.356684326936746787e-01,1.343039649909132571e-06,6.279920171876060553e-02,1.790911731231403514e-01,1.618662701442256114e-05
2.107023411371237387e+00,8.220828715335200265e-02,1.314791067567257776e-01,1.522435555130826716e-06,6.400164612120830265e-02,1.735422612122298203e-01,1.733453067415876436e-05
2.140468227424749070e+00,8.136747853750436743e-02,1.273376816775072251e-01,1.728098805238849132e-06,6.515704431369603866e-02,1.681087358514750107e-01,1.856168161220013386e-05
2.173913043478260754e+00,8.045236984394771307e-02,1.232480535237712727e-01,1.964340160218170670e-06,6.626280985843165106e-02,1.627897467281983479e-01,1.987713184650277031e-05
2.207357859531772437e+00,7.946550293929928455e-02,1.192141183632702411e-01,2.235470380053763028e-06,6.731635770179887623e-02,1.575844435297219237e-01,2.128993339502279809e-05
2.240802675585284121e+00,7.840965300180578745e-02,1.152397722637564098e-01,2.545800224730597057e-06,6.831533330278422023e-02,1.524919759433679689e-01,2.280913827571630432e-05
2.274247491638795804e+00,7.728808749380977616e-02,1.113289112929821134e-01,2.899640454233644029e-06,6.925786849856538363e-02,1.475114936564587420e-01,2.444379850653939984e-05
2.307692307692307487e+00,7.610413631562129577e-02,1.074854315186996451e-01,3.301301828547875642e-06,7.014215681522271983e-02,1.426421463563164183e-01,2.620296610544820565e-05
2.341137123745819171e+00,7.486112936755034974e-02,1.037132290086612840e-01,3.755095107658262325e-06,7.096639177883649896e-02,1.378830837302632284e-01,2.809569309039880886e-05
2.374581939799330854e+00,7.356239654990699706e-02,1.000161998306193789e-01,4.265331051549775773e-06,7.172876691548707440e-02,1.332334554656214032e-01,3.013103147934733387e-05
2.408026755852842538e+00,7.221126867056278098e-02,9.639824005232619508e-02,4.836320420207387262e-06,7.242747799231247230e-02,1.286924112497131178e-01,3.231803329024985423e-05
2.441471571906354221e+00,7.081119807921151810e-02,9.286324574153405342e-02,5.472373973616066371e-06,7.306102090180587039e-02,1.242591007698606170e-01,3.466575054106251467e-05
2.474916387959865904e+00,6.936587976381392018e-02,8.941511296599524705e-02,6.177802471760787762e-06,7.362849068739241165e-02,1.199326737133861176e-01,3.718323524974139892e-05
2.508361204013378032e+00,6.787903753161225739e-02,8.605772474702394481e-02,6.956928571402275247e-06,7.412905355645513228e-02,1.157122797676117393e-01,3.987953943424265847e-05
2.541806020066889715e+00,6.635439518984895257e-02,8.279338548692516397e-02,7.815514439166381343e-06,7.456187571637711009e-02,1.115970686198598655e-01,4.276371511252232283e-05
2.575250836120401399e+00,6.479567654576624813e-02,7.962133367505186410e-02,8.762117983979069338e-06,7.492612337454138127e-02,1.075861899574526437e-01,4.584481430253652996e-05
2.608695652173913082e+00,6.320660528979762938e-02,7.654045554692850972e-02,9.805618327711430456e-06,7.522096575821569930e-02,1.036787934677122353e-01,4.913188902224139068e-05
2.642140468227424766e+00,6.159089228525178872e-02,7.354963733807955151e-02,1.095489459223452966e-05,7.544590371704271159e-02,9.987402883796096809e-02,5.263399128959302939e-05
2.675585284280936449e+00,5.995222415687768980e-02,7.064776528402949562e-02,1.221882589941944886e-05,7.560106474529246223e-02,9.617104575552093415e-02,5.636017312254752303e-05
2.709030100334448132e+00,5.829428483633366381e-02,6.783372562030282049e-02,1.360629137113726995e-05,7.568664596227756003e-02,9.256899390771443359e-02,6.031948653906098922e-05
2.742474916387959816e+00,5.662075825527802114e-02,6.510640458242399065e-02,1.512617012925906807e-05,7.570284448731059990e-02,8.906702298186364164e-02,6.452098355708953202e-05
2.775919732441471499e+00,5.493532834536913462e-02,6.246468840591748450e-02,1.678734129565591834e-05,7.564985743970424614e-02,8.566428266529077518e-02,6.897371619458926226e-05
2.809364548494983183e+00,5.324167742787946911e-02,5.990746332630776660e-02,1.859868399219889929e-05,7.552788542959285034e-02,8.235992264531807883e-02,7.368673646951627045e-05
2.842809364548494866e+00,5.154334041978994585e-02,5.743361557911933618e-02,2.056907734075909451e-05,7.533744859434060581e-02,7.915309260926775559e-02,7.866909639982669453e-05
2.876254180602006549e+00,4.984358847754821048e-02,5.504203139987665083e-02,2.270740046320757574e-05,7.507963882313502257e-02,7.604294224446198069e-02,8.392984800347660468e-05
2.909698996655518233e+00,4.814566537634860227e-02,5.273159702410420285e-02,2.502253248141542488e-05,7.475560735931072176e-02,7.302862123822301266e-02,8.947804329842215239e-05
2.943143812709029916e+00,4.645281489138546049e-02,5.050119868732644984e-02,2.752335251725371708e-05,7.436650544620231063e-02,7.010927927787306835e-02,9.532273430261938073e-05
2.976588628762541600e+00,4.476828079785313136e-02,4.834972262506787716e-02,3.021873969259352745e-05,7.391348432714450745e-02,6.728406605073433688e-02,1.014729730340244412e-04
3.010033444816053283e+00,4.309530351993409725e-02,4.627605126878178016e-02,3.311764492002753263e-05,7.339769868565072797e-02,6.455212620188803541e-02,1.079379912120895056e-04
3.043478260869564966e+00,4.143686421278641036e-02,4.427877272752491628e-02,3.623457358686665532e-05,7.282056937314698719e-02,6.191221425635970443e-02,1.147409241275725098e-04
3.076923076923076650e+00,3.979550455257528652e-02,4.235597621346265385e-02,3.959344630061206608e-05,7.218396841414573273e-02,5.936242345860189007e-02,1.219284745896585088e-04
3.110367892976588333e+00,3.817372364520490308e-02,4.050570261296716768e-02,4.321909567682066745e-05,7.148981153617239848e-02,5.690078299793114441e-02,1.295496282820934137e-04
3.143812709030100017e+00,3.657402059657943738e-02,3.872599281241063951e-02,4.713635433104930103e-05,7.074001446675245997e-02,5.452532206366401957e-02,1.376533708886231767e-04
3.177257525083611700e+00,3.499889451260302514e-02,3.701488769816523028e-02,5.137005487885486259e-05,6.993649293341128170e-02,5.223406984511706763e-02,1.462886880929938039e-04
3.210702341137123383e+00,3.345083951335074690e-02,3.537042815660311479e-02,5.594502993579423438e-05,6.908116539606704021e-02,5.002505553160686846e-02,1.555045655789512608e-04
3.244147157190635511e+00,3.193201970959676228e-02,3.379065507409643315e-02,6.088611211742436639e-05,6.817613117021931179e-02,4.789630831244990478e-02,1.653499890302415943e-04
3.277591973244147194e+00,3.044406911720816053e-02,3.227360933701740875e-02,6.621813403930199178e-05,6.722378008021798190e-02,4.584585737696282581e-02,1.758739441306105531e-04
3.311036789297658878e+00,2.898857390951628185e-02,3.081733183173817822e-02,7.196592831698406733e-05,6.622652816964254285e-02,4.387173191446212817e-02,1.871254165638041840e-04
3.344481605351170561e+00,2.756712025985243175e-02,2.941986344463092679e-02,7.815432756602744139e-05,6.518679148207248697e-02,4.197196111426437781e-02,1.991533920135685339e-04
3.377926421404682245e+00,2.618129434154794349e-02,2.807924506206782231e-02,8.480816440198901652e-05,6.410698606108723718e-02,4.014457416568614073e-02,2.120068561636494870e-04
3.411371237458193928e+00,2.483267621698426880e-02,2.679351757042102225e-02,9.195227144042566819e-05,6.298952930679126150e-02,3.838760025804394821e-02,2.257347946977930359e-04
3.444816053511705611e+00,2.352249629349946469e-02,2.556072185606270142e-02,9.961148129689425829e-05,6.183691623664537562e-02,3.669906858065438010e-02,2.403861932997451462e-04
3.478260869565217295e+00,2.225145256954294895e-02,2.437889880536504503e-02,1.078106265869517030e-04,6.065176005365164463e-02,3.507700832283396769e-02,2.560100376532517563e-04
3.511705685618728978e+00,2.102019834394977180e-02,2.324609292748776312e-02,1.165747531253743461e-04,5.943668388335140995e-02,3.351944867389927002e-02,2.726553134420588859e-04
3.545150501672240662e+00,1.982938691555495916e-02,2.216054213352374250e-02,1.259402883330858181e-04,5.819431085128599218e-02,3.202441882316685307e-02,2.903710063499124463e-04
3.578595317725752345e+00,1.867967158319357862e-02,2.112077108401059361e-02,1.359605346910987354e-04,5.692726408299673968e-02,3.058994795995325852e-02,3.092061020605583761e-04
3.612040133779264028e+00,1.757169926420454678e-02,2.012532764433806048e-02,1.466901602742604364e-04,5.563816614504921848e-02,2.921406527357504890e-02,3.292095862577427761e-04
3.645484949832775712e+00,1.650579834385552946e-02,1.917275967989586286e-02,1.581838331574181105e-04,5.432961170276275065e-02,2.789479995334877283e-02,3.504304446252113681e-04
3.678929765886287395e+00,1.548183731076061172e-02,1.826161505607374475e-02,1.704962214154190283e-04,5.300415513763283293e-02,2.663018118859098587e-02,3.729176628467104158e-04
3.712374581939799079e+00,1.449964879810450996e-02,1.739044163826143630e-02,1.836819931231104875e-04,5.166434769046290149e-02,2.541823816861823321e-02,3.967202266059856948e-04
3.745819397993310762e+00,1.355906543907194756e-02,1.655778729184867112e-02,1.977958163553397318e-04,5.031274060205635779e-02,2.425700008274709468e-02,4.218871215867831979e-04
3.779264214046822445e+00,1.265991986684765480e-02,1.576219988222518631e-02,2.128923591869539775e-04,4.895188511321663105e-02,2.314449612029409464e-02,4.484673334728488635e-04
3.812709030100334129e+00,1.180203909675718935e-02,1.500222727478071026e-02,2.290262896928005494e-04,4.758432969537978313e-02,2.207875547057580601e-02,4.765098479479286842e-04
3.846153846153845812e+00,1.098500355049746718e-02,1.427641733490498180e-02,2.462522759477266099e-04,4.621250125973706824e-02,2.105780732290877394e-02,5.060636506957687068e-04
3.879598662207357496e+00,1.020805597457875337e-02,1.358331792798773106e-02,2.646249860265795380e-04,4.483866025787325987e-02,2.007968086660955748e-02,5.371777274001146530e-04
3.913043478260869179e+00,9.470414715213740578e-03,1.292147691941870034e-02,2.841990880042065772e-04,4.346505511305687880e-02,1.914240529099470178e-02,5.699010637447128949e-04
3.946488294314381307e+00,8.771298118615123221e-03,1.228944217458760590e-02,3.050292499554552151e-04,4.209393424855650129e-02,1.824400978538076243e-02,6.042826454133094251e-04
3.979933110367892990e+00,8.109924530995590505e-03,1.168576155888420044e-02,3.271701399551721801e-04,4.072754608764064810e-02,1.738252353908431233e-02,6.403714580896496941e-04
4.013377926421404673e+00,7.485508425668325333e-03,1.110898939543691899e-02,3.506770776434661773e-04,3.936813408708762091e-02,1.655598774825120523e-02,6.782183550467472824e-04
4.046822742474915913e+00,6.897113716978017610e-03,1.055793105196655389e-02,3.756307122599745313e-04,3.801774863136771904e-02,1.576291037451693286e-02,7.179467920903950242e-04
4.080267558528428040e+00,6.343608737844056399e-03,1.003171801199869741e-02,4.021445970900269480e-04,3.667818929719424831e-02,1.500240572439732328e-02,7.597745382844021391e-04
4.113712374581939279e+00,5.823848750149993730e-03,9.529503553927145404e-03,4.303344844517070387e-04,3.535123889937594188e-02,1.427362862745722508e-02,8.039256658063538823e-04
4.147157190635451407e+00,5.336689015779344340e-03,9.050440956145634763e-03,4.603161266631011794e-04,3.403868025272150516e-02,1.357573391326140008e-02,8.506242468338385447e-04
4.180602006688962646e+00,4.880984796615661994e-03,8.593683497047950939e-03,4.922052760422929813e-04,3.274229617203968518e-02,1.290787641137468647e-02,9.000943535444406226e-04
4.214046822742474774e+00,4.455589915541876937e-03,8.158384455027837753e-03,5.261176849073692001e-04,3.146386263222752944e-02,1.226921095136185996e-02,9.525600581157488405e-04
4.247491638795986013e+00,4.059308338210809372e-03,7.743697108479079792e-03,5.621691055764130134e-04,3.020491862492508464e-02,1.165889236278775005e-02,1.008245432725347586e-03
4.280936454849498141e+00,3.690882578998160111e-03,7.348774735795419143e-03,6.004752903675113392e-04,2.896671104925609141e-02,1.107607547521713247e-02,1.067374549550825910e-03
4.314381270903010268e+00,3.349051362647208728e-03,6.972770615370629983e-03,6.411519915987484936e-04,2.775046879132128316e-02,1.051991511821482456e-02,1.130171480769769391e-03
4.347826086956521507e+00,3.032553413901236967e-03,6.614838025598487360e-03,6.843149615882081422e-04,2.655742073722139329e-02,9.989566121345641939e-03,1.196860298559762528e-03
4.381270903010033635e+00,2.740127457503525269e-03,6.274130244872736829e-03,7.300799526539778535e-04,2.538879577305715868e-02,9.484183314174362070e-03,1.267665075098395452e-03
4.414715719063544874e+00,2.470513423334241062e-03,5.949800551587154304e-03,7.785627171141402091e-04,2.424581466439154967e-02,9.002921526265812713e-03,1.342809882563251577e-03
4.448160535117057002e+00,2.222488664802999437e-03,5.641002224135494014e-03,8.298790072867824521e-04,2.312944600694060576e-02,8.544935587184774792e-03,1.422518793131920386e-03
4.481605351170568241e+00,1.994874306868933255e-03,5.346888540911531006e-03,8.841445754899873808e-04,2.204036345190013568e-02,8.109380326496070865e-03,1.507015878981984641e-03
4.515050167224080369e+00,1.786493959010776065e-03,5.066618765135711897e-03,9.414769475591157084e-04,2.097922390910180596e-02,7.695410573764487061e-03,1.596525212291036427e-03
4.548494983277591608e+00,1.596171230707276378e-03,4.799528445602736088e-03,1.002045889022802226e-03,1.994668428837733168e-02,7.302181158554842469e-03,1.691270865236656337e-03
4.581939799331103735e+00,1.422729731437177934e-03,4.545153996340109068e-03,1.066080688931108841e-03,1.894340149955843142e-02,6.928846910431923217e-03,1.791476909996436240e-03
4.615384615384614975e+00,1.264996568341377001e-03,4.303042758404628139e-03,1.133813874401979217e-03,1.797002385742317923e-02,6.574562658960551864e-03,1.897367418747957597e-03
4.648829431438127102e+00,1.121896689097940649e-03,4.072742072853061113e-03,1.205477972553363952e-03,1.702695924624831117e-02,6.238483233705511069e-03,2.009166463668812710e-03
4.682274247491638342e+00,9.924636482936800928e-04,3.853799280742199653e-03,1.281305510503206058e-03,1.611434866283966219e-02,5.919763464231623390e-03,2.127098116936581955e-03
4.715719063545150469e+00,8.757366588111355340e-04,3.645761723128815475e-03,1.361529015369455703e-03,1.523231919947107445e-02,5.617558180103675823e-03,2.251386450728858936e-03
4.749163879598661708e+00,7.707549335328479348e-04,3.448176741069699375e-03,1.446381014270056980e-03,1.438099794841640224e-02,5.331022210886484855e-03,2.382255537223222294e-03
4.782608695652173836e+00,6.765576853413569555e-04,3.260591675621620465e-03,1.536094034322959623e-03,1.356051200194948424e-02,5.059310386144841819e-03,2.519929448597267151e-03
4.816053511705685075e+00,5.921890681267366922e-04,3.082553867841373446e-03,1.630900602646106427e-03,1.277098034267453233e-02,4.801577535443560599e-03,2.664632257028570848e-03
4.849498327759197203e+00,5.168183078915818563e-04,2.913610658785726563e-03,1.731033246357449725e-03,1.201231667248952965e-02,4.556978488347433395e-03,2.816588034694729806e-03
4.882943143812708442e+00,4.497464022768559236e-04,2.753309389511471913e-03,1.836724492574930145e-03,1.128421841666270992e-02,4.324668074421275828e-03,2.976020853773320932e-03
4.916387959866220569e+00,3.902806309799711909e-04,2.601197401075380777e-03,1.948206868416500238e-03,1.058637268973068590e-02,4.103801123229877494e-03,3.143154786441940216e-03
4.949832775919731809e+00,3.377282736983400636e-04,2.456822034534242652e-03,2.065712901000101281e-03,9.918466606230065194e-03,3.893532464338054448e-03,3.318213904878164564e-03
4.983277591973243936e+00,2.913966101293750553e-04,2.319730630944830986e-03,2.189475117443686909e-03,9.280187280697462307e-03,3.693016927310598455e-03,3.501422281259590399e-03
5.016722408026756064e+00,2.505981953123916821e-04,2.189475117443624459e-03,2.319730630944893436e-03,8.671215227104549922e-03,3.501422281259352308e-03,3.693016927310833510e-03
5.050167224080267303e+00,2.147669171504744054e-04,2.065712901000042300e-03,2.456822034534299898e-03,8.091079146429557001e-03,3.318213904877929075e-03,3.893532464338279528e-03
5.083612040133779431e+00,1.834579964104767673e-04,1.948206868416438656e-03,2.601197401075439758e-03,7.539155926657270523e-03,3.143154786441697789e-03,4.103801123230103008e-03
5.117056856187290670e+00,1.562319292011553123e-04,1.836724492574872466e-03,2.753309389511524388e-03,7.014815855207538232e-03,2.976020853773081974e-03,4.324668074421489199e-03
5.150501672240802797e+00,1.326492116312666663e-04,1.731033246357391395e-03,2.913610658785780773e-03,6.517429219500211340e-03,2.816588034694486077e-03,4.556978488347647634e-03
5.183946488294314037e+00,1.122703398095677396e-04,1.630900602646053301e-03,3.082553867841418983e-03,6.046366306955150600e-03,2.664632257028331890e-03,4.801577535443761827e-03
5.217391304347826164e+00,9.466041132709313228e-05,1.536094034322906931e-03,3.260591675621668604e-03,5.600993240516190588e-03,2.519929448597023856e-03,5.059310386145043914e-03
5.250836120401337404e+00,7.948104389747240176e-05,1.446381014270009925e-03,3.448176741069738406e-03,5.180588789594308199e-03,2.382255537222984637e-03,5.331022210886673073e-03
5.284280936454849531e+00,6.648546808656912344e-05,1.361529015369410600e-03,3.645761723128855807e-03,4.784348811290728941e-03,2.251386450728619110e-03,5.617558180103862306e-03
5.317725752508360770e+00,5.543053365067829687e-05,1.281305510503166593e-03,3.853799280742231746e-03,4.411465887233523460e-03,2.127098116936347767e-03,5.919763464231794260e-03
5.351170568561872898e+00,4.607309034609490808e-05,1.205477972553327089e-03,4.072742072853094940e-03,4.061132599050761537e-03,2.009166463668577221e-03,6.238483233705682807e-03
5.384615384615384137e+00,3.816998792911394307e-05,1.133813874401948642e-03,4.303042758404653292e-03,3.732541528370515987e-03,1.897367418747728397e-03,6.574562658960706255e-03
5.418060200668896265e+00,3.148141793733159899e-05,1.066080688931080869e-03,4.545153996340137691e-03,3.424884130297936938e-03,1.791476909996207257e-03,6.928846910432079342e-03
5.451505016722407504e+00,2.583171499208996560e-05,1.002045889022780542e-03,4.799528445602755169e-03,3.137330237142589226e-03,1.691270865236433425e-03,7.302181158554979512e-03
5.484949832775919631e+00,2.110299819494648163e-05,9.414769475590972769e-04,5.066618765135737917e-03,2.869030201919759836e-03,1.596525212290815033e-03,7.695410573764624972e-03
5.518394648829430871e+00,1.717945236168362324e-05,8.841445754899751293e-04,5.346888540911549220e-03,2.619133681287256262e-03,1.507015878981769969e-03,8.109380326496188826e-03
5.551839464882942998e+00,1.394526230808394624e-05,8.298790072867731279e-04,5.641002224135518300e-03,2.386790331902888165e-03,1.422518793131707232e-03,8.544935587184897957e-03
5.585284280936454238e+00,1.128461284992979299e-05,7.785627171141365228e-04,5.949800551587172519e-03,2.171149810424451761e-03,1.342809882563044711e-03,9.002921526265913327e-03
5.618729096989966365e+00,9.083709566597252384e-06,7.300799526539774199e-04,6.274130244872763718e-03,1.971363747272173676e-03,1.267665075098191622e-03,9.484183314174467888e-03
5.652173913043477604e+00,7.264359267200672278e-06,6.843149615882128042e-04,6.614838025598508177e-03,1.786618546042840951e-03,1.196860298559565203e-03,9.989566121345725205e-03
5.685618729096989732e+00,5.778806880696870967e-06,6.411519915987555409e-04,6.972770615370662076e-03,1.616130340489288367e-03,1.130171480769574886e-03,1.051991511821491476e-02
5.719063545150501859e+00,4.580277524214310560e-06,6.004752903675220728e-04,7.348774735795454705e-03,1.459116221754209932e-03,1.067374549550636391e-03,1.107607547521721574e-02
5.752508361204013099e+00,3.621996314881453591e-06,5.621691055764276501e-04,7.743697108479109283e-03,1.314793280980300523e-03,1.008245432725164139e-03,1.165889236278781077e-02
5.785953177257525226e+00,2.857188369826763439e-06,5.261176849073854632e-04,8.158384455027882856e-03,1.182378609310253716e-03,9.525600581155687545e-04,1.226921095136193109e-02
5.819397993311036466e+00,2.240087811538867846e-06,4.922052760423122801e-04,8.593683497047990838e-03,1.061093816840079666e-03,9.000943535442664997e-04,1.290787641137473851e-02
5.852842809364548593e+00,1.741290420091961664e-06,4.603161266631212913e-04,9.050440956145688540e-03,9.502337913407095209e-04,8.506242468336677829e-04,1.357573391326146080e-02
5.886287625418059832e+00,1.344666670008565859e-06,4.303344844517290480e-04,9.529503553927195711e-03,8.491528729178647724e-04,8.039256658061884331e-04,1.427362862745726324e-02
5.919732441471571960e+00,1.034470175695603491e-06,4.021445970900486863e-04,1.003171801199876680e-02,7.572071176158740469e-04,7.597745382842399425e-04,1.500240572439737879e-02
5.953177257525083199e+00,7.949545515599773985e-07,3.756307122599968117e-04,1.055793105196661461e-02,6.737525814790601159e-04,7.179467920902373812e-04,1.576291037451696408e-02
5.986622073578595327e+00,6.103734120086114874e-07,3.506770776434868855e-04,1.110898939543700226e-02,5.981453205517512804e-04,6.782183550465925668e-04,1.655598774825125727e-02
6.020066889632106566e+00,4.653910102467152052e-07,3.271701399551916415e-04,1.168576155888428024e-02,5.297474391496774602e-04,6.403714580894986647e-04,1.738252353908435049e-02
6.053511705685618693e+00,3.508159726095130112e-07,3.050292499554721286e-04,1.228944217458770305e-02,4.680115416495604381e-04,6.042826454131613231e-04,1.824400978538081447e-02
6.086956521739129933e+00,2.621868760347909161e-07,2.841990880042212140e-04,1.292147691941879055e-02,4.124598995542814355e-04,5.699010637445683708e-04,1.914240529099472954e-02
6.120401337792642060e+00,1.951639682153849436e-07,2.646249860265907595e-04,1.358331792798784035e-02,3.626165764471379199e-04,5.371777273999722973e-04,2.007968086660959564e-02
6.153846153846153300e+00,1.454074968441307731e-07,2.462522759477345246e-04,1.427641733490508762e-02,3.180056359114268169e-04,5.060636506956289532e-04,2.105780732290879823e-02
6.187290969899665427e+00,1.085777096138642829e-07,2.290262896928045610e-04,1.500222727478083690e-02,2.781511415304455939e-04,4.765098479477907194e-04,2.207875547057584764e-02
6.220735785953176666e+00,8.046897778004207767e-08,2.128923591869545196e-04,1.576219988222530774e-02,2.425835058145970669e-04,4.484673334727130129e-04,2.314449612029412587e-02
6.254180602006688794e+00,5.873180565933390720e-08,1.977958163553364249e-04,1.655778729184881337e-02,2.109210039381893831e-04,4.218871215866485942e-04,2.425700008274713979e-02
6.287625418060200033e+00,4.237217349633656056e-08,1.836819931231040636e-04,1.739044163826157854e-02,1.828460744312572093e-04,3.967202266058528258e-04,2.541823816861827484e-02
6.321070234113712161e+00,3.042694178525438365e-08,1.704962214154094060e-04,1.826161505607390434e-02,1.580426175837990987e-04,3.729176628465784684e-04,2.663018118859103792e-02
6.354515050167223400e+00,2.193297102029120293e-08,1.581838331574061843e-04,1.917275967989601551e-02,1.361945336858127369e-04,3.504304446250808302e-04,2.789479995334881446e-02
6.387959866220735528e+00,1.592712169565080514e-08,1.466901602742465044e-04,2.012532764433823396e-02,1.169857230272958773e-04,3.292095862576127803e-04,2.921406527357511482e-02
6.421404682274246767e+00,1.148089749603757569e-08,1.359605346910838547e-04,2.112077108401076014e-02,1.001057296053993353e-04,3.092061020604295186e-04,3.058994795995331056e-02
6.454849498327758894e+00,8.110150079624641675e-09,1.259402883330705851e-04,2.216054213352392985e-02,8.531648595308924572e-05,2.903710063497839684e-04,3.202441882316692939e-02
6.488294314381271022e+00,5.638493901444117595e-09,1.165747531253598449e-04,2.324609292748797823e-02,7.243006210721000945e-05,2.726553134419307874e-04,3.351944867389938104e-02
6.521739130434782261e+00,3.895709160149924380e-09,1.078106265869393024e-04,2.437889880536523932e-02,6.125953256322770688e-05,2.560100376531243625e-04,3.507700832283404402e-02
6.555183946488294389e+00,2.711576054395986680e-09,9.961148129688485284e-05,2.556072185606292346e-02,5.161797181660841838e-05,2.403861932996179693e-04,3.669906858065449806e-02
6.588628762541805628e+00,1.915874782836225424e-09,9.195227144042036915e-05,2.679351757042123042e-02,4.331845436281826496e-05,2.257347946976664553e-04,3.838760025804405923e-02
6.622073578595317755e+00,1.345397193369189167e-09,8.480816440198844731e-05,2.807924506206805129e-02,3.617772478913951575e-05,2.120068561635230419e-04,4.014457416568626563e-02
6.655518394648828995e+00,9.204495989578605175e-10,7.815432756603237451e-05,2.941986344463114189e-02,3.005624147173247988e-05,1.991533920134425767e-04,4.197196111426449577e-02
6.688963210702341122e+00,6.161857325169730052e-10,7.196592831699480093e-05,3.081733183173841761e-02,2.484317144859740745e-05,1.871254165636783895e-04,4.387173191446227388e-02
6.722408026755852362e+00,4.087178998176155294e-10,6.621813403931900020e-05,3.227360933701762385e-02,2.042818350137180395e-05,1.758739441304851922e-04,4.584585737696294377e-02
6.755852842809364489e+00,2.741584066308767824e-10,6.088611211744763608e-05,3.379065507409667601e-02,1.670094641169318504e-05,1.653499890301164503e-04,4.789630831245005743e-02
6.789297658862875728e+00,1.886195587278488167e-10,5.594502993582396185e-05,3.537042815660330908e-02,1.355112896119918157e-05,1.555045655788267131e-04,5.002505553160696561e-02
6.822742474916387856e+00,1.293257071853073702e-10,5.137005487889065482e-05,3.701488769816544538e-02,1.087227779250509250e-05,1.462886880928695814e-04,5.223406984511720641e-02
6.856187290969899095e+00,8.582265601322187692e-11,4.713635433109093439e-05,3.872599281241083380e-02,8.600906216291137710e-06,1.376533708884995506e-04,5.452532206366413753e-02
6.889632107023411223e+00,5.532689991250923430e-11,4.321909567686755242e-05,4.050570261296738972e-02,6.700276338410414110e-06,1.295496282819702213e-04,5.690078299793128319e-02
6.923076923076922462e+00,3.517082350806654273e-11,3.959344630066365377e-05,4.235597621346284813e-02,5.134054389450545438e-06,1.219284745895360888e-04,5.936242345860200109e-02
6.956521739130434590e+00,2.268681142479096398e-11,3.623457358692201740e-05,4.427877272752513138e-02,3.865906599999165594e-06,1.147409241274507946e-04,6.191221425635985709e-02
6.989966555183945829e+00,1.520724828757960490e-11,3.311764492008580850e-05,4.627605126878197445e-02,2.859499200643900006e-06,1.079379912119687797e-04,6.455212620188816031e-02
7.023411371237457956e+00,1.020337007099367875e-11,3.021873969265350416e-05,4.834972262506810614e-02,2.078746295933984277e-06,1.014729730339046911e-04,6.728406605073450342e-02
7.056856187290969196e+00,6.579860648021673334e-12,2.752335251731437819e-05,5.050119868732663025e-02,1.490120945806572081e-06,9.532273430250089098e-05,7.010927927787317937e-02
7.090301003344481323e+00,4.087061236982368369e-12,2.502253248147574718e-05,5.273159702410440408e-02,1.061605856571409052e-06,8.947804329830489592e-05,7.302862123822315144e-02
7.123745819397992562e+00,2.486243045818251684e-12,2.270740046326680028e-05,5.504203139987683124e-02,7.612032464827409471e-07,8.392984800336089320e-05,7.604294224446207784e-02
7.157190635451504690e+00,1.538677282471814739e-12,2.056907734081646574e-05,5.743361557911954435e-02,5.569153337948135228e-07,7.866909639971250093e-05,7.915309260926786661e-02
7.190635451505016817e+00,1.005635154885545562e-12,1.859868399225386156e-05,5.990746332630800253e-02,4.167443367618725895e-07,7.368673646940371671e-05,8.235992264531825924e-02
7.224080267558528057e+00,6.621713304524948512e-13,1.678734129570808541e-05,6.246468840591766492e-02,3.105174096848669825e-07,6.897371619447857877e-05,8.566428266529092783e-02
7.257525083612040184e+00,4.161149910501254815e-13,1.512617012930809772e-05,6.510640458242421269e-02,2.256411105286207991e-07,6.452098355698071878e-05,8.906702298186382205e-02
7.290969899665551424e+00,2.494972206323442553e-13,1.360629137118303683e-05,6.783372562030300090e-02,1.593463614764566571e-07,6.031948653895424274e-05,9.256899390771455849e-02
7.324414715719063551e+00,1.451597558607982387e-13,1.221882589946188013e-05,7.064776528402970379e-02,1.089714154839911586e-07,5.636017312244283653e-05,9.617104575552112844e-02
7.357859531772574790e+00,8.594433339713478795e-14,1.095489459227375406e-05,7.354963733807971804e-02,7.185452550684101180e-08,5.263399128949059261e-05,9.987402883796107911e-02
7.391304347826086918e+00,5.469268990300105101e-14,9.805618327747644503e-06,7.654045554692871789e-02,4.533394450062283855e-08,4.913188902214118330e-05,1.036787934677124157e-01
7.424749163879598157e+00,3.533695067056561871e-14,8.762117984012664359e-06,7.962133367505203063e-02,2.684081136773046474e-08,4.584481430243871460e-05,1.075861899574527547e-01
7.458193979933110285e+00,2.162304003957502368e-14,7.815514439197813042e-06,8.279338548692538602e-02,1.464226420433046540e-08,4.276371511242687239e-05,1.115970686198600320e-01
7.491638795986621524e+00,1.249037672544786773e-14,6.956928571432196686e-06,8.605772474702411134e-02,7.447854599047967950e-09,3.987953943414970846e-05,1.157122797676118503e-01
7.525083612040133652e+00,6.925673460171651945e-15,6.177802471789924001e-06,8.941511296599539971e-02,3.971162932979899740e-09,3.718323524965097646e-05,1.199326737133861870e-01
7.558528428093644891e+00,3.915642975733265260e-15,5.472373973645162800e-06,9.286324574153415057e-02,2.925769587222845683e-09,3.466575054097468752e-05,1.242591007698606448e-01
7.591973244147157018e+00,2.446998004120332614e-15,4.836320420237086778e-06,9.639824005232636162e-02,3.025254942873861768e-09,3.231803329016459528e-05,1.286924112497131734e-01
7.625418060200668258e+00,1.577251587246990862e-15,4.265331051580689088e-06,1.000161998306194899e-01,3.085780269313317908e-09,3.013103147926473121e-05,1.332334554656214309e-01
7.658862876254180385e+00,9.600060362581297220e-16,3.755095107690896387e-06,1.037132290086614506e-01,2.787166427202806063e-09,2.809569309031884895e-05,1.378830837302633117e-01
7.692307692307691624e+00,5.474553761422164255e-16,3.301301828582695049e-06,1.074854315186997561e-01,2.241856722950831818e-09,2.620296610537094608e-05,1.426421463563164460e-01
7.725752508361203752e+00,2.940232377988113423e-16,2.899640454271018087e-06,1.113289112929822799e-01,1.565524886040581561e-09,2.444379850646481012e-05,1.475114936564587975e-01
7.759197324414714991e+00,1.541332521274752859e-16,2.545800224770845945e-06,1.152397722637565486e-01,8.738446459552449896e-10,2.280913827564442849e-05,1.524919759433679411e-01
7.792642140468227119e+00,8.220905002776893399e-17,2.235470380097116292e-06,1.192141183632703799e-01,2.824897321780097320e-10,2.128993339495359550e-05,1.575844435297219237e-01
7.826086956521738358e+00,3.618195184462214670e-17,1.964340160264805763e-06,1.232480535237713976e-01,-1.059689506002647805e-10,1.987713184643628500e-05,1.627897467281983201e-01
7.859531772575250486e+00,1.639202665004028767e-18,1.728098805288857110e-06,1.273376816775073916e-01,-2.922680287596897976e-10,1.856168161213630485e-05,1.681087358514750663e-01
7.892976588628762613e+00,-2.272478744506740601e-17,1.522435555184235743e-06,1.314791067567259997e-01,-3.261053862031489259e-10,1.733453067409757809e-05,1.735422612122298758e-01
7.926421404682273852e+00,-3.813690286736011015e-17,1.343039649965904319e-06,1.356684326936748175e-01,-2.574729080776225146e-10,1.618662701436402099e-05,1.790911731231403792e-01
7.959866220735785980e+00,-4.582402798364201768e-17,1.185600329648811095e-06,1.399017634206017324e-01,-1.363624795300915589e-10,1.510891861497946852e-05,1.847563218968846510e-01
7.993311036789297219e+00,-4.701304717568108111e-17,1.045806834247923178e-06,1.441752028697542154e-01,-1.276598570753663901e-11,1.409235345798785726e-05,1.905385578461401552e-01
8.026755852842809347e+00,-4.296362506603486235e-17,9.196589753407310784e-07,1.484840901122359280e-01,6.863576299991632397e-11,1.312854097594388677e-05,1.964377260579298901e-01
8.060200668896321474e+00,-3.517769274434670892e-17,8.054518824591398211e-07,1.528181114172553201e-01,1.024141180770204128e-10,1.221397913408419188e-05,2.024462423734182115e-01
8.093645484949831825e+00,-2.526576584787559894e-17,7.025094534359709646e-07,1.571644194514801030e-01,1.007333661406093452e-10,1.134735695246266940e-05,2.085531928237868426e-01
8.127090301003343953e+00,-1.483887220514281643e-17,6.101604387846948755e-07,1.615101549306235396e-01,7.584077935059249953e-11,1.052737378629730664e-05,2.147476477335673872e-01
8.160535117056856080e+00,-5.508039644669676207e-18,5.277335890187984377e-07,1.658424585703979215e-01,3.998362986687952559e-11,9.752728990806228137e-06,2.210186774272905053e-01
8.193979933110368208e+00,1.115704005022529987e-18,4.545576546517630292e-07,1.701484710865159844e-01,5.409189849379858303e-12,9.022121921207516070e-06,2.273553522294873008e-01
8.227424749163878559e+00,3.681256747698490352e-18,3.899613861970730456e-07,1.744153331946900753e-01,-1.706713371824169966e-11,8.334251932719286503e-06,2.337467424646883785e-01
8.260869565217390686e+00,2.639800016174748924e-18,3.332735341682026652e-07,1.786301856106332908e-01,-2.655825400844856119e-11,7.687818380559543693e-06,2.401819184574253419e-01
8.294314381270902814e+00,-7.939241034901401345e-19,2.838228490786370247e-07,1.827801690500581444e-01,-2.638334526330445127e-11,7.081520619946407939e-06,2.466499505322290453e-01
8.327759197324414941e+00,-5.402424204540713160e-18,2.409380814418572376e-07,1.868524242286771775e-01,-1.987672703201564529e-11,6.514058006097958035e-06,2.531399090136304264e-01
8.361204013377925293e+00,-9.968208880221519585e-18,2.039479817713464554e-07,1.908340918622029037e-01,-1.037271886378842509e-11,5.984129894232299881e-06,2.596408642261601174e-01
8.394648829431437420e+00,-1.327378672377709497e-17,1.721813005805818738e-07,1.947123126663483639e-01,-1.205640307829057169e-12,5.490435639567460602e-06,2.661418864943498885e-01
8.428093645484949548e+00,-1.429941324503570414e-17,1.449667883830468299e-07,1.984742273568259607e-01,4.707641153406550471e-12,5.031674597321547792e-06,2.726320461427303443e-01
8.461538461538461675e+00,-1.331273808995182607e-17,1.216331956922226485e-07,2.021069766493483466e-01,7.168001262655564555e-12,4.606546122712639398e-06,2.791004134958325333e-01
8.494983277591972026e+00,-1.109671447190409669e-17,1.015092730215915020e-07,2.055977012596280629e-01,7.064143289583893042e-12,4.213749570958837932e-06,2.855360588781871156e-01
8.528428093645484154e+00,-8.435662174043446960e-18,8.397584350691146965e-08,2.089330473921779951e-01,5.287655390184190053e-12,3.851984297278179837e-06,2.919280526143258059e-01
8.561872909698996281e+00,-6.113900979520815533e-18,6.874230821255602271e-08,2.120965408888579318e-01,2.730125720449112133e-12,3.519949656888769318e-06,2.982654650287792641e-01
8.595317725752508409e+00,-4.915750671487137211e-18,5.564588089413749062e-08,2.150704938096101304e-01,2.831424363713123941e-13,3.216345005008683898e-06,3.045373664460785390e-01
8.628762541806020536e+00,-5.464092899999316671e-18,4.452406147881338354e-08,2.178372154967294361e-01,-1.281553707224182326e-12,2.939869696856005338e-06,3.107328271907545125e-01
8.662207357859530887e+00,-7.394323360047582159e-18,3.521434989374171451e-08,2.203790152925103329e-01,-1.925305416873601752e-12,2.689223087648825137e-06,3.168409175873380113e-01
8.695652173913043015e+00,-9.968591126029295694e-18,2.755424606607902423e-08,2.226782025392479436e-01,-1.886543820636240933e-12,2.463104532605197949e-06,3.228507079603606944e-01
8.729096989966555142e+00,-1.244834881442425246e-17,2.138124992298339192e-08,2.247170865792368633e-01,-1.404217078513242227e-12,2.260213386943216544e-06,3.287512686343531665e-01
8.762541806020067270e+00,-1.409504904171225919e-17,1.653286139161234760e-08,2.264779767547718536e-01,-7.172733505057444540e-13,2.079249005880960988e-06,3.345316699338465871e-01
8.795986622073577621e+00,-1.417014442437311493e-17,1.284658039912359990e-08,2.279431824081475932e-01,-6.466079661489141021e-14,1.918910744636520240e-06,3.401809821833715053e-01
8.829431438127089748e+00,-1.211382896526690647e-17,1.015990687267429833e-08,2.290950128816589826e-01,3.490830149001432922e-13,1.777897958427956365e-06,3.456882757074595247e-01
8.862876254180601876e+00,-8.394143570846040425e-18,8.310340739422201165e-09,2.299157775176006446e-01,5.172975765382776955e-13,1.654910002473359381e-06,3.510426208306415830e-01
8.896321070234114003e+00,-3.845810857188268664e-18,7.135381926524848333e-09,2.303877856582674244e-01,5.039145075838761923e-13,1.548646231990808717e-06,3.562330878774484511e-01
8.929765886287624355e+00,6.959933273376955365e-19,6.472530361139795465e-09,2.304933466459540281e-01,3.729526818270428150e-13,1.457806002198389097e-06,3.612487471724110666e-01
8.963210702341136482e+00,4.396093134363728618e-18,6.159285970424516301e-09,2.302147698229552453e-01,1.884309730578603913e-13,1.381088668314170211e-06,3.660786690400607002e-01
8.996655518394648610e+00,6.419312715521103629e-18,6.033148681536592118e-09,2.295343645315657266e-01,1.436825506642892745e-14,1.317193585556237840e-06,3.707119238049284560e-01
9.030100334448160737e+00,6.141724825009844589e-18,5.950165377833108190e-09,2.284379353335652951e-01,-9.507637051246902961e-14,1.264851582053310634e-06,3.751372103284965620e-01
9.063545150501671088e+00,4.081999253968123950e-18,5.866699332650338929e-09,2.269301916610070857e-01,-1.390731320967346162e-13,1.222963715956944118e-06,3.793412183106555924e-01
9.096989966555183216e+00,1.143342001501904325e-18,5.772874876768718163e-09,2.250222053002053912e-01,-1.347400189411731830e-13,1.190488335614048075e-06,3.833099612764468977e-01
9.130434782608695343e+00,-1.770751154678515371e-18,5.658841782609569484e-09,2.227250528320144640e-01,-9.920854536527524309e-14,1.166383832544255273e-06,3.870294522413597060e-01
9.163879598662207471e+00,-3.756784436862823895e-18,5.514749822594214830e-09,2.200498108372886397e-01,-4.961022568853107622e-14,1.149608598267196998e-06,3.904857042208835782e-01
9.197324414715717822e+00,-3.911262067340720792e-18,5.330748769143983584e-09,2.170075558968821150e-01,-3.076574230431016879e-15,1.139121024302503902e-06,3.936647302305077423e-01
9.230769230769229949e+00,-1.587767569206338325e-18,5.096988394680176178e-09,2.136093645916489203e-01,2.606929030848361329e-14,1.133879502169805786e-06,3.965525432857220367e-01
9.264214046822742077e+00,2.551709302588354313e-18,4.803618471624123650e-09,2.098663135024435022e-01,3.779759107922112166e-14,1.132842423388734150e-06,3.991351564020158560e-01
9.297658862876254204e+00,7.429968359943674014e-18,4.440788772397145454e-09,2.057894792101199744e-01,3.661440907021642346e-14,1.134968179478919221e-06,4.013985825948785946e-01
9.331103678929766332e+00,1.196964038094664918e-17,3.998649069420560223e-09,2.013899382955325057e-01,2.702767183561098195e-14,1.139215161959992072e-06,4.033288348797996470e-01
9.364548494983276683e+00,1.509335614368429012e-17,3.467349135115720498e-09,1.966787673395356817e-01,1.354530692954630772e-14,1.144541762351583143e-06,4.049119262722686297e-01
9.397993311036788810e+00,1.572374642624362099e-17,2.837038741903890730e-09,1.916670429229832273e-01,6.752419061638323832e-16,1.149906372173323508e-06,4.061338697877749926e-01
9.431438127090300938e+00,1.308872572282257669e-17,2.097867662206415603e-09,1.863658416267295059e-01,-7.823536930692325510e-15,1.154267382944843605e-06,4.069806784418081858e-01
9.464882943143813065e+00,7.878719917224038447e-18,1.239985668444616023e-09,1.807862400316288254e-01,-1.177996838061527590e-14,1.156583186185774298e-06,4.074383652498577146e-01
9.498327759197323417e+00,1.221598939002831016e-18,2.535425330398664537e-10,1.749393147185357156e-01,-1.209615654246211648e-14,1.155812173415746236e-06,4.074929432274129737e-01
9.531772575250835544e+00,-5.754687890818671278e-18,-8.619022831733532205e-10,1.688372721631287432e-01,-9.674400283241115031e-15,1.150912736154390071e-06,4.071304253899635239e-01
9.565217391304347672e+00,-1.192219125121812107e-17,-2.063049839016336188e-09,1.624975709823185122e-01,-5.416998469960537771e-15,1.140843265921336453e-06,4.063368247529989263e-01
9.598662207357859799e+00,-1.615296182117315561e-17,-3.293901749420416164e-09,1.559391947144899704e-01,-2.262499696286454878e-16,1.124562154236216245e-06,4.050981543320084644e-01
9.632107023411370150e+00,-1.757531416206464295e-17,-4.498458257442183319e-09,1.491811270627602659e-01,4.996561753488312711e-15,1.101027792618661368e-06,4.034004271424818100e-01
9.665551839464882278e+00,-1.647343825913709460e-17,-5.620719606138423244e-09,1.422423517302453810e-01,9.354733198028896007e-15,1.069198572588300354e-06,4.012296561999083022e-01
9.698996655518394405e+00,-1.345726693195112571e-17,-6.604686038565726315e-09,1.351418524200622695e-01,1.195285156409119819e-14,1.028032885664764703e-06,3.985718545197773355e-01
9.732441471571906533e+00,-9.136751537674744567e-18,-7.394357797780740399e-09,1.278986128353277185e-01,1.189550412522572562e-14,9.764891233676848521e-07,3.954130351175785263e-01
9.765886287625416884e+00,-4.121843433475934794e-18,-7.933735126840108398e-09,1.205316166791587512e-01,8.287278154982968861e-15,9.135256772166961114e-07,3.917392110088016577e-01
9.799331103678929011e+00,9.775060234773118921e-19,-8.166818268800535252e-09,1.130598476546713638e-01,2.327609269134203269e-16,8.381009387314216140e-07,3.875363952089355135e-01
9.832775919732441139e+00,5.480424221885490221e-18,-8.037607466718645667e-09,1.055022894649826071e-01,-1.232017785176245503e-14,7.491732994314951869e-07,3.827906007334699878e-01
9.866220735785953266e+00,8.404807231413004252e-18,-7.490102963651089163e-09,9.787792581320915730e-02,-2.584190609630978855e-14,6.457011508365473751e-07,3.774878405978945306e-01
9.899665551839463618e+00,8.688588762530516832e-18,-6.468305002654593015e-09,9.020574040246817638e-02,-3.585200688762174524e-14,5.266428844662159230e-07,3.716141278176988694e-01
9.933110367892975745e+00,5.269701922887979418e-18,-4.916213826785705826e-09,8.250471693587550781e-02,-3.787005613880903441e-14,3.909568918401191465e-07,3.651554754083719545e-01
9.966555183946487873e+00,-2.913920179864642666e-18,-2.777829679101109790e-09,7.479383911654824413e-02,-2.741562976298248684e-14,2.376015644778932813e-07,3.580978963854034025e-01
1.000000000000000000e+01,-1.692434443807740413e-17,2.847197342522100975e-12,6.709209064760313090e-02,-8.303673252742402065e-18,6.553529389916908408e-08,3.504274037642828299e-01
