0.000000000000000000e+00,2.483501588187539844e-03,6.709195314932039911e-02,1.205745582759295496e-12,1.880192639076892845e-04,3.504092116197265461e-01,6.553535659209231420e-08
3.344481605351170422e-02,3.293000005934540973e-03,7.479368485576928793e-02,3.347085367835502968e-09,2.623484505258566143e-04,3.580799025775522892e-01,2.375552965724226427e-07
6.688963210702340845e-02,4.255907878179479402e-03,8.250454478079367882e-02,5.917104289587923073e-09,3.558109028768830905e-04,3.651376885366861003e-01,3.908696476803064184e-07
1.003344481605351057e-01,5.364452306985421914e-03,9.020554927058190009e-02,7.780080881456296624e-09,4.702937252837925968e-04,3.715965561272276396e-01,5.265197875861377475e-07
1.337792642140468169e-01,6.610860394415437463e-03,9.787771467132234948e-02,9.004833514056903941e-09,6.076840220696089895e-04,3.774704919792766233e-01,6.455470939603075600e-07
1.672240802675585281e-01,7.987359242532592399e-03,1.055020573292033276e-01,9.660180558006031962e-09,7.698688975573563962e-04,3.827734827229328785e-01,7.489929444732069972e-07
2.006688963210702115e-01,9.486175952777974041e-03,1.130595935904132043e-01,9.814940383919969280e-09,9.587354558293889389e-04,3.875195149882960655e-01,8.378987167952278362e-07
2.341137123745819226e-01,1.109945512204062006e-02,1.205313398011402942e-01,9.537931362414989599e-09,1.176138876816112955e-03,3.917225754054658449e-01,9.133057885967617480e-07
2.675585284280936338e-01,1.281903053903323854e-02,1.278983123075729811e-01,8.897971864107379856e-09,1.423814076932737116e-03,3.953966506045417661e-01,9.762555375482008269e-07
3.010033444816053172e-01,1.463666281645970360e-02,1.351415274558996904e-01,7.963880259613430300e-09,1.703467658011006752e-03,3.985557272156237674e-01,1.027789341319936532e-06
3.344481605351170561e-01,1.654411256702389282e-02,1.422420015923086534e-01,6.804474919549415460e-09,2.016806221882668816e-03,4.012137918688113980e-01,1.068948577582359900e-06
3.678929765886287395e-01,1.853314040342968552e-02,1.491807510629882261e-01,5.488574214531624757e-09,2.365536370379468963e-03,4.033848311942044851e-01,1.100774624005863554e-06
4.013377926421404229e-01,2.059550692666394997e-02,1.559387922141268479e-01,4.084996515176342646e-09,2.751364696417082055e-03,4.050828318219025226e-01,1.124308858260838000e-06
4.347826086956521618e-01,2.272276684648390915e-02,1.624971413919128471e-01,2.662560192099843246e-09,3.175841119706271365e-03,4.063217803820055041e-01,1.140592658017676286e-06
4.682274247491638453e-01,2.490574428217093989e-02,1.688368149425345244e-01,1.290083615918417424e-09,3.639959616163930545e-03,4.071156635046127015e-01,1.150667400946768918e-06
5.016722408026755842e-01,2.713510137711525050e-02,1.749388293769117697e-01,3.638372884588669602e-11,4.144590905937274930e-03,4.074784678198242749e-01,1.155574464718507884e-06
5.351170568561872676e-01,2.940150027470710831e-02,1.807857261260525927e-01,-1.042945248463297501e-09,4.690605709173526795e-03,4.074241799577395517e-01,1.156355227003284751e-06
5.685618729096989510e-01,3.169560311833675981e-02,1.863652987574202224e-01,-1.937850850942644423e-09,5.278874746019904078e-03,4.069667865484585256e-01,1.154051065471491718e-06
6.020066889632106344e-01,3.400807215289611274e-02,1.916664707322753847e-01,-2.648078025989280314e-09,5.910268708365491036e-03,4.061202742220808015e-01,1.149703357793520138e-06
6.354515050167224288e-01,3.633012889373070375e-02,1.966781655118788885e-01,-3.173371721000337621e-09,6.585502586838299331e-03,4.048986296087059289e-01,1.144353481639761577e-06
6.688963210702341122e-01,3.865486467111714508e-02,2.013893065574914321e-01,-3.513476883372941349e-09,7.304770814363197896e-03,4.033158393384337348e-01,1.139042814680607389e-06
7.023411371237457956e-01,4.097576111933563109e-02,2.057888173303737966e-01,-3.668138460504222290e-09,8.068159162974491636e-03,4.013858900413639352e-01,1.134812734586449984e-06
7.357859531772574790e-01,4.328629987266633533e-02,2.098656212917867081e-01,-3.637101399791309584e-09,8.875753404706492392e-03,3.991227683475961907e-01,1.132704619027680294e-06
7.692307692307691624e-01,4.557996256538942442e-02,2.136086419029909478e-01,-3.420110648631331129e-09,9.727639311593490323e-03,3.965404608872301062e-01,1.133759845674690306e-06
8.026755852842808459e-01,4.785023099271728392e-02,2.170068026252472970e-01,-3.016911154421418133e-09,1.062390258305842203e-02,3.936529542903656198e-01,1.139019792197871586e-06
8.361204013377926403e-01,5.009098225965535195e-02,2.200490269198166204e-01,-2.427247864558698079e-09,1.156445055775289985e-02,3.904742351871021699e-01,1.149525836267616122e-06
8.695652173913043237e-01,5.229733916677804795e-02,2.227242382479594496e-01,-1.650865726440302381e-09,1.254862852596441876e-02,3.870182902075396392e-01,1.166319355554314845e-06
9.030100334448160071e-01,5.446466927239494715e-02,2.250213600709367046e-01,-6.875096874633573883e-10,1.357567134515242323e-02,3.832991059817775770e-01,1.190441727728359954e-06
9.364548494983276905e-01,5.658834013481554154e-02,2.269293158500090557e-01,4.630753049750062621e-10,1.464481387277632475e-02,3.793306691399158659e-01,1.222934330460143015e-06
9.698996655518393739e-01,5.866371931234937859e-02,2.284370290464373676e-01,1.801144303477658552e-09,1.575529096629554870e-02,3.751269663120539444e-01,1.264838541420055593e-06
1.003344481605351168e+00,6.068617459628693894e-02,2.295334279160167468e-01,3.326955800682111085e-09,1.690633734237730057e-02,3.707019836187633866e-01,1.317195781495255622e-06
1.036789297658862852e+00,6.265138294361351223e-02,2.302138030618920417e-01,5.045333215182488389e-09,1.809700088639509818e-02,3.660690310363911570e-01,1.381104820221921693e-06
1.070234113712374535e+00,6.455593995512362571e-02,2.304923499369425921e-01,6.974664022126827459e-09,1.932577433994633886e-02,3.612394094706926073e-01,1.457834830846166191e-06
1.103678929765886219e+00,6.639661107471019064e-02,2.303867592097356143e-01,9.135843481909875614e-09,2.059104780709029858e-02,3.562240483811990877e-01,1.548686491636814096e-06
1.137123745819397902e+00,6.817016174626608360e-02,2.299147215488383522e-01,1.154976685492636528e-08,2.189121139188624637e-02,3.510338772274415597e-01,1.654960480862687425e-06
1.170568561872909585e+00,6.987335741368419506e-02,2.290939276228179666e-01,1.423732940157105701e-08,2.322465519839347209e-02,3.456798254689513739e-01,1.777957476792609674e-06
1.204013377926421269e+00,7.150296383906271092e-02,2.279420681002417848e-01,1.721942638223867909e-08,2.458976911157137110e-02,3.401728225652597137e-01,1.918978157695404765e-06
1.237458193979932952e+00,7.305600422438823793e-02,2.264768336496769119e-01,2.051695305732398629e-08,2.598476575647522616e-02,3.345237979758978186e-01,2.079323201839895350e-06
1.270903010033444858e+00,7.453022340238343868e-02,2.247159149396905919e-01,2.415080468722173502e-08,2.740736088024455300e-02,3.287436811603968168e-01,2.260293287494905771e-06
1.304347826086956541e+00,7.592349169652055918e-02,2.226770026388499857e-01,2.814187653232662876e-08,2.885518382352467853e-02,3.228434015782880029e-01,2.463189092929258046e-06
1.337792642140468224e+00,7.723367943027177607e-02,2.203777874157225036e-01,3.251106385303343054e-08,3.032586392696095395e-02,3.168338886891025052e-01,2.689311296411774613e-06
1.371237458193979908e+00,7.845865692710927985e-02,2.178359599388751122e-01,3.727926190973689017e-08,3.181703053119868535e-02,3.107260719523716186e-01,2.939960576211280452e-06
1.404682274247491591e+00,7.959629503157454600e-02,2.150692108768751942e-01,4.246736596283174750e-08,3.332631272197163208e-02,3.045308808276265267e-01,3.216437610596598002e-06
1.438127090301003275e+00,8.064474384032420395e-02,2.120952308982899104e-01,4.809627127271273911e-08,3.485120297246999815e-02,2.982592447743983577e-01,3.520043077836551819e-06
1.471571906354514958e+00,8.160289225788740219e-02,2.089317106716863937e-01,5.418687309977462141e-08,3.638883232469998508e-02,2.919220932522183509e-01,3.852077656199963496e-06
1.505016722408026641e+00,8.246974997204394031e-02,2.055963381479752605e-01,6.076053445223864712e-08,3.793627273245967629e-02,2.855303557206177456e-01,4.213842023955657165e-06
1.538461538461538325e+00,8.324432667057359014e-02,2.021055874920379414e-01,6.804752837684498141e-08,3.949059614954718300e-02,2.790949616391277810e-01,4.606636859372454843e-06
1.571906354515050008e+00,8.392563204125620679e-02,1.984728124955339457e-01,7.681518904514704202e-08,4.104887452976059559e-02,2.726268404672795853e-01,5.031762840719182355e-06
1.605351170568561692e+00,8.451267660713443486e-02,1.947108724372478561e-01,8.791596340913146133e-08,4.260817965554478809e-02,2.661369216646043423e-01,5.490520646264659601e-06
1.638795986622073597e+00,8.500478585061714554e-02,1.908326265959641721e-01,1.022022984207849644e-07,4.416551869578148187e-02,2.596361346906333467e-01,5.984210954277716641e-06
1.672240802675585281e+00,8.540207212396377923e-02,1.868509342504673376e-01,1.205266410320939453e-07,4.571773739387916674e-02,2.531354090048978933e-01,6.514134443027168293e-06
1.705685618729096964e+00,8.570476864458480282e-02,1.827786546795419076e-01,1.437414381950450497e-07,4.726165669789520601e-02,2.466456740669289716e-01,7.081591790781841229e-06
1.739130434782608647e+00,8.591310862989069708e-02,1.786286471619723815e-01,1.726991368616249894e-07,4.879409755588701852e-02,2.401778593362579595e-01,7.687883675810559583e-06
1.772575250836120331e+00,8.602732529729194277e-02,1.744137709765432864e-01,2.082521839838203042e-07,5.031188091591197453e-02,2.337428942724158742e-01,8.334310776382144101e-06
1.806020066889632014e+00,8.604765305619832549e-02,1.701468854020390387e-01,2.512530265136176397e-07,5.181182783726297897e-02,2.273517083349341494e-01,9.022173770765422302e-06
1.839464882943143698e+00,8.597465736643461476e-02,1.658408497172443319e-01,3.025541114030034561e-07,5.329079027234031457e-02,2.210152309833438300e-01,9.752773337229210697e-06
1.872909698996655381e+00,8.580968508832700903e-02,1.615085232009434990e-01,3.630078856039646374e-07,5.474569309261799466e-02,2.147443916771762384e-01,1.052741015404234443e-05
1.906354515050167064e+00,8.555419577600566206e-02,1.571627651319210672e-01,4.334667960684873791e-07,5.617347168597967150e-02,2.085501198759624475e-01,1.134738489947363324e-05
1.939799331103678748e+00,8.520964898360082473e-02,1.528164347889615915e-01,5.147832897485585652e-07,5.757106144030909450e-02,2.024433450392338352e-01,1.221399825179190887e-05
1.973244147157190653e+00,8.477750426524273408e-02,1.484823914508495157e-01,6.078098135961655559e-07,5.893539774348990901e-02,1.964349966265214187e-01,1.312855088926599970e-05
2.006688963210702337e+00,8.425922261632458332e-02,1.441734824454172781e-01,7.134014678764148758e-07,6.026341662096768720e-02,1.905359883913153030e-01,1.409235382540437825e-05
2.040133779264214020e+00,8.365657058000407209e-02,1.399000214986393653e-01,8.329758552361197354e-07,6.155218926130406887e-02,1.847539044063659652e-01,1.510890914452557591e-05
2.073578595317725703e+00,8.297199641685649996e-02,1.356666695361187780e-01,9.692055954284439191e-07,6.279908841982440038e-02,1.790888997869247989e-01,1.618660749931195752e-05
2.107023411371237387e+00,8.220804062829177583e-02,1.314773226225203206e-01,1.124933120246311348e-06,6.400152765581365588e-02,1.735401244616049110e-01,1.733450099778477256e-05
2.140468227424749070e+00,8.136724371571973924e-02,1.273358768225088533e-01,1.303000861482646051e-06,6.515692052855670546e-02,1.681067283590194639e-01,1.856164174796526203e-05
2.173913043478260754e+00,8.045214618055029909e-02,1.232462282007491805e-01,1.506251250930371738e-06,6.626268059733854410e-02,1.627878614077814534e-01,1.987708185787467880e-05
2.207357859531772437e+00,7.946528992515206058e-02,1.192122728219061067e-01,1.737526720382411905e-06,6.731622280561888605e-02,1.575826735365040698e-01,2.128987343553427234e-05
2.240802675585284121e+00,7.840945015941569451e-02,1.152379067506444366e-01,1.999669701631690688e-06,6.831519260928090032e-02,1.524903146738004200e-01,2.280906858896528875e-05
2.274247491638795804e+00,7.728789436866140283e-02,1.113270260516290439e-01,2.295522626471131161e-06,6.925772184202054482e-02,1.475099347482835555e-01,2.444371942618896735e-05
2.307692307692307487e+00,7.610395247507772964e-02,1.074835267895247054e-01,2.627927926693658304e-06,7.014200402638838538e-02,1.426406836885666385e-01,2.620287805522656099e-05
2.341137123745819171e+00,7.486095440085313579e-02,1.037113050289962396e-01,2.999728034092194980e-06,7.096623268493496006e-02,1.378817114232626928e-01,2.809559658409931576e-05
2.374581939799330854e+00,7.356223006817610988e-02,1.000142568347084648e-01,3.413765380459665747e-06,7.172860134021084855e-02,1.332321678809849363e-01,3.013092712082849470e-05
2.408026755852842538e+00,7.221111030677891673e-02,9.639627827132622728e-02,3.872882397588993043e-06,7.242730575582245756e-02,1.286912029903463650e-01,3.231792177343529985e-05
2.441471571906354221e+00,7.081104748583068320e-02,9.286126540351430370e-02,4.379921517273102273e-06,7.306084182048121212e-02,1.242579666799601135e-01,3.466563264994102135e-05
2.474916387959865904e+00,6.936573660800568475e-02,8.941311429593751248e-02,4.937725171304916724e-06,7.362830457333109646e-02,1.199316088784393164e-01,3.718311185836689511e-05
2.508361204013378032e+00,6.787890149469417989e-02,8.605570796683806312e-02,5.549162524817673261e-06,7.412886021741467435e-02,1.157112795143969697e-01,3.987941150673419435e-05
2.541806020066889715e+00,6.635426596728648263e-02,8.279135081732129364e-02,6.220337477121546554e-06,7.456167495577460669e-02,1.115961285164463329e-01,4.276358370306410415e-05
2.575250836120401399e+00,6.479555384717286537e-02,7.961928133917703376e-02,6.963636262498518016e-06,7.492591499145348499e-02,1.075853058132004714e-01,4.584468055537789771e-05
2.608695652173913082e+00,6.320648883892150682e-02,7.653838577078446448e-02,7.792166915418809577e-06,7.522074954737521801e-02,1.036779613332724087e-01,4.913175417169683468e-05
2.642140468227424766e+00,6.159078181852457867e-02,7.354755035052272516e-02,8.719037470352637234e-06,7.544567946846877926e-02,9.987324500527537674e-02,5.263385666004215436e-05
2.675585284280936449e+00,5.995211942067215499e-02,7.064566131677095517e-02,9.757355961770225458e-06,7.560083224359141763e-02,9.617030675782234361e-02,5.636004012843510964e-05
2.709030100334448132e+00,5.829418558665895589e-02,6.783160490790833552e-02,1.092023042414179702e-05,7.568640498656538373e-02,9.256829651952648563e-02,6.031935668489693981e-05
2.742474916387959816e+00,5.662066425777972228e-02,6.510426736231400557e-02,1.222076889193756793e-05,7.570259481121285883e-02,8.906636421900088196e-02,6.452085843744887741e-05
2.775919732441471499e+00,5.493523937532918816e-02,6.246253491836710470e-02,1.367207939962776434e-05,7.564959883135610741e-02,8.566365978485866728e-02,6.897359749411220242e-05
2.809364548494983183e+00,5.324159327020627774e-02,5.990529381444680002e-02,1.528726998168259717e-05,7.552761765163332197e-02,8.235933314571290687e-02,7.368662596290813382e-05
2.842809364548494866e+00,5.154326086810497726e-02,5.743143028893225172e-02,1.707944867257229766e-05,7.533717140338470897e-02,7.915253423017674927e-02,7.866899595185794481e-05
2.876254180602006549e+00,4.984351333255170741e-02,5.503983058020260610e-02,1.906172350676708013e-05,7.507935196882940809e-02,7.604241296686323204e-02,8.392975956898285437e-05
2.909698996655518233e+00,4.814559444564991270e-02,5.272938092663702336e-02,2.124720251873717412e-05,7.475531058423558195e-02,7.302811928438553146e-02,8.947796892230414924e-05
2.943143812709029916e+00,4.645274798950303763e-02,5.049896756661465674e-02,2.364899374295278885e-05,7.436619848587147641e-02,7.010880311135668508e-02,9.532267611984302131e-05
2.976588628762541600e+00,4.476821774621454753e-02,4.834747673851463867e-02,2.628020521388415049e-05,7.391316691000525407e-02,6.728361437638985532e-02,1.014729332696207438e-04
3.010033444816053283e+00,4.309524414686855681e-02,4.627379087664744428e-02,2.915397742429865041e-05,7.339737053307546222e-02,6.455169796485338285e-02,1.079379721785619846e-04
3.043478260869564966e+00,4.143680835294628190e-02,4.427649809311858670e-02,3.228596217743719864e-05,7.282023019877166548e-02,6.191180856440194058e-02,1.147409280243024538e-04
3.076923076923076650e+00,3.979545204595555385e-02,4.235368760346701344e-02,3.569606812210639717e-05,7.218361792274889666e-02,5.936203945048152547e-02,1.219285031628828482e-04
3.110367892976588333e+00,3.817367433704820651e-02,4.050340029746996029e-02,3.940461624770280759e-05,7.148944942356658117e-02,5.690041983065115272e-02,1.295496827919684617e-04
3.143812709030100017e+00,3.657397433737603898e-02,3.872367706490460054e-02,4.343192754362298137e-05,7.073964041978407502e-02,5.452497891246985834e-02,1.376534521092247102e-04
3.177257525083611700e+00,3.499885115809081571e-02,3.701255879554814915e-02,4.779832299926350383e-05,6.993610662996073424e-02,5.223374590349666446e-02,1.462887963123168738e-04
3.210702341137123383e+00,3.345079892450990300e-02,3.536808637917782799e-02,5.252412360402091963e-05,6.908076650503905403e-02,5.002475001129062793e-02,1.555047005989103684e-04
3.244147157190635511e+00,3.193198175229453040e-02,3.378830070557080345e-02,5.762965034729184799e-05,6.817571935090359359e-02,4.789602044341075004e-02,1.653501501666706369e-04
3.277591973244147194e+00,3.044403366162830304e-02,3.227124266450433904e-02,6.313522421847273869e-05,6.722335498126230657e-02,4.584558640741610153e-02,1.758741302132627428e-04
3.311036789297658878e+00,2.898854083010757310e-02,3.081495314575560113e-02,6.906116620696021774e-05,6.622608942896007767e-02,4.387147711086571145e-02,1.871256259363521289e-04
3.344481605351170561e+00,2.756708943532868925e-02,2.941747303910181507e-02,7.542779730215083656e-05,6.518633872684181929e-02,4.197172176131858806e-02,1.991536225336042383e-04
3.377926421404682245e+00,2.618126565488797242e-02,2.807684323432018195e-02,8.225543849344113306e-05,6.410651890775237449e-02,4.014434956633378127e-02,2.120071052026842968e-04
3.411371237458193928e+00,2.483264955542822602e-02,2.679110462118789587e-02,8.956441077022771289e-05,6.298904736105695457e-02,3.838738973347032013e-02,2.257350591412577475e-04
3.444816053511705611e+00,2.352247154833715659e-02,2.555829808948217527e-02,9.737503512190708683e-05,6.183641909321514057e-02,3.669887147028724761e-02,2.403864695469899249e-04
3.478260869565217295e+00,2.225142963579157182e-02,2.437646452898022814e-02,1.057076325378758605e-04,6.065124729582857532e-02,3.507682398434358584e-02,2.560103216175461092e-04
3.511705685618728978e+00,2.102017712032685018e-02,2.324364845225012841e-02,1.145827841443628538e-04,5.943615508300469086e-02,3.351927648319837083e-02,2.726556005505916891e-04
3.545150501672240662e+00,1.982936730447834237e-02,2.215808777397012402e-02,1.240349584306742604e-04,5.819376556885089841e-02,3.202425817441063860e-02,2.903712915437919721e-04
3.578595317725752345e+00,1.867965349078143378e-02,2.111830715852567458e-02,1.341192141335188672e-04,5.692670186747463695e-02,3.058979826553941822e-02,3.092063797948122654e-04
3.612040133779264028e+00,1.757168260027259718e-02,2.012285447517557502e-02,1.448922762304815574e-04,5.563758653402153809e-02,2.921392596414374571e-02,3.292098505013179308e-04
3.645484949832775712e+00,1.650578302177814483e-02,1.917027759317863067e-02,1.564108696991470921e-04,5.432901422308862582e-02,2.789467047778266401e-02,3.504306888609744924e-04
3.678929765886287395e+00,1.548182324727031059e-02,1.825912438179365729e-02,1.687317195171002867e-04,5.300353930645639727e-02,2.663006101401519179e-02,3.729178800714470950e-04
3.712374581939799079e+00,1.449963591327631252e-02,1.738794271027945329e-02,1.819115506619260649e-04,5.166371301529176091e-02,2.541812678040037202e-02,3.967204093304011001e-04
3.745819397993310762e+00,1.355905365632337732e-02,1.655528044789482747e-02,1.960070881112091067e-04,5.031208658076162521e-02,2.425689698449724069e-02,4.218872618355019779e-04
3.779264214046822445e+00,1.265990911293874213e-02,1.575968546389858865e-02,2.110750568425343629e-04,4.895121123403294028e-02,2.314440083386481647e-02,4.484674227844149272e-04
3.812709030100334129e+00,1.180202930178753974e-02,1.499970562754953350e-02,2.271721818334865404e-04,4.758363543695972447e-02,2.207866753606214580e-02,4.765098773748052555e-04
3.846153846153845812e+00,1.098499464777768705e-02,1.427388880810647777e-02,2.443551880616505901e-04,4.621178609354247707e-02,2.105772629864825773e-02,5.060636108043384870e-04
3.879598662207357496e+00,1.020804790045440162e-02,1.358078287482822159e-02,2.626808005046112190e-04,4.483792365144977088e-02,2.007960632918219177e-02,5.371776082706799290e-04
3.913043478260869179e+00,9.470407409052594011e-03,1.291893569697357899e-02,2.822057441399533238e-04,4.346429653027047285e-02,1.914233683522297350e-02,5.699008549714947806e-04
3.946488294314381307e+00,8.771291522807183466e-03,1.228689514380134143e-02,3.029867439452619366e-04,4.209315314959352627e-02,1.824394702432962506e-02,6.042823361044488912e-04
3.979933110367892990e+00,8.109918590953085760e-03,1.168320908457032986e-02,3.250805248981214392e-04,4.072674192900786055e-02,1.738246610406121370e-02,6.403710368672069176e-04
4.013377926421404673e+00,7.485503089821531411e-03,1.110643184615402873e-02,3.485444371915881099e-04,3.936730632173319339e-02,1.655593528873786427e-02,6.782178100614911402e-04
4.046822742474915913e+00,6.897108936613089922e-03,1.055536879519675814e-02,3.734601362701623012e-04,3.801689671338803062e-02,1.576286255551798479e-02,7.179461115967313272e-04
4.080267558528428040e+00,6.343604466892363396e-03,1.002915140788433052e-02,3.999408509596438918e-04,3.667731268794807015e-02,1.500236222299611982e-02,7.597737113872271662e-04
4.113712374581939279e+00,5.823844945174034421e-03,9.526932954852160990e-03,4.281019201880457287e-04,3.535033706789310337e-02,1.427358913258564010e-02,8.039246825109668199e-04
4.147157190635451407e+00,5.336685635972750891e-03,9.047866706735616105e-03,4.580586828833833153e-04,3.403775267570283841e-02,1.357569812569984352e-02,8.506230980459423543e-04
4.180602006688962646e+00,4.880981803803192791e-03,8.591105934170107511e-03,4.899264779736695529e-04,3.274134233385705278e-02,1.290784404375208694e-02,9.000930310701417154e-04
4.214046822742474774e+00,4.455587274173325105e-03,8.155803907791001756e-03,5.238206443869200535e-04,3.146288202512827897e-02,1.226918172815567518e-02,9.525585546615569690e-04
4.247491638795986013e+00,4.059306015149548655e-03,7.741113898233713091e-03,5.598565210511475014e-04,3.020391075611505993e-02,1.165886602032397378e-02,1.008243741898175736e-03
4.280936454849498141e+00,3.690880543260534764e-03,7.346189176133607196e-03,5.981494468943678337e-04,2.896567544962980884e-02,1.107605176167027541e-02,1.067372665857991166e-03
4.314381270903010268e+00,3.349049585386461737e-03,6.970183012126084446e-03,6.388147608445940602e-04,2.774940501600030654e-02,1.051989379360793349e-02,1.130169399618991205e-03
4.347826086956521507e+00,3.032551868407510915e-03,6.612248676846546082e-03,6.819678018298397327e-04,2.655632836555434431e-02,9.989546957550287515e-03,1.196858016259164667e-03
4.381270903010033635e+00,2.740126119203859737e-03,6.271539440930363855e-03,7.277239087781212220e-04,2.538767440861970648e-02,9.484166094910645786e-03,1.267662588856505136e-03
4.414715719063544874e+00,2.470512269784628026e-03,5.947208575012940743e-03,7.761984206174499116e-04,2.424466393525533114e-02,9.002906047102361697e-03,1.342807190488998388e-03
4.448160535117057002e+00,2.222487675441688244e-03,5.638409349729653700e-03,8.275066762758430394e-04,2.312826557402387559e-02,8.544921655538745275e-03,1.422515894234638876e-03
4.481605351170568241e+00,1.994873462727879323e-03,5.344295035715905702e-03,8.817640146813118807e-04,2.203915301873492563e-02,8.109367761633144711e-03,1.507012773171411942e-03
4.515050167224080369e+00,1.786493242699266609e-03,5.064024889214242472e-03,9.390875563285383748e-04,2.097798322238831822e-02,7.695399206798876103e-03,1.596521900377312689e-03
4.548494983277591608e+00,1.596170626411928459e-03,4.796934475030632979e-03,9.996468985036888535e-04,1.994541313798394583e-02,7.302170832449285907e-03,1.691267348930325810e-03
4.581939799331103735e+00,1.422729224921939761e-03,4.542560249398422227e-03,1.063671432171386976e-03,1.894209971852168356e-02,6.928837479997689355e-03,1.791473191908446840e-03
4.615384615384614975e+00,1.264996146938675205e-03,4.300449597005227831e-03,1.131393801060627188e-03,1.796869132220671114e-02,6.574553990857434638e-03,1.897363502389660039e-03
4.648829431438127102e+00,1.121896341461077343e-03,4.070149902538636177e-03,1.203046648900410985e-03,1.702559588398594795e-02,6.238475206441833516e-03,2.009162353451960942e-03
4.682274247491638342e+00,9.924633641219828516e-04,3.851208550686260109e-03,1.278862619419732271e-03,1.611295445937552251e-02,5.919755968164237651e-03,2.127093818173334677e-03
4.715719063545150469e+00,8.757364288356379043e-04,3.643172926135689483e-03,1.359074356347592756e-03,1.523089419977845423e-02,5.617551117437958805e-03,2.251381969631776562e-03
4.749163879598661708e+00,7.707547495162894334e-04,3.445590413574534973e-03,1.443914503412986562e-03,1.437954225659777638e-02,5.331015495676344300e-03,2.382250880905270422e-03
4.782608695652173836e+00,6.765575400781835037e-04,3.258008397690387303e-03,1.533615704344915400e-03,1.355902578123650490e-02,5.059303944292711970e-03,2.519924625071812661e-03
4.816053511705685075e+00,5.921889554347728587e-04,3.079974263170857582e-03,1.628410602872372524e-03,1.276946381550087342e-02,4.801571304700403935e-03,2.664627275209386238e-03
4.849498327759197203e+00,5.168182224012435235e-04,2.911035394703536533e-03,1.728531842724361162e-03,1.201077012233484585e-02,4.556972418312739762e-03,2.816582904395989722e-03
4.882943143812708442e+00,4.497463392090720181e-04,2.750739176976034397e-03,1.834212067629873268e-03,1.128264218999536737e-02,4.324662126543065907e-03,2.976015585709604339e-03
4.916387959866220569e+00,3.902805861355963411e-04,2.598632994675943199e-03,1.945683921317912721e-03,1.058476719610037912e-02,4.103795270804695867e-03,3.143149392228227791e-03
4.949832775919731809e+00,3.377282434581547620e-04,2.454264232490871878e-03,2.063180047517471256e-03,9.916832318267815305e-03,3.893526692510975232e-03,3.318208397029842605e-03
4.983277591973243936e+00,2.913965914540854419e-04,2.317180275108412027e-03,2.186933089957552971e-03,9.278524734115618788e-03,3.693011233075224001e-03,3.501416673192447350e-03
5.016722408026756064e+00,2.505981857361182599e-04,2.186933089957491388e-03,2.317180275108473176e-03,8.669525020495491563e-03,3.501416673192209693e-03,3.693011233075459056e-03
5.050167224080267303e+00,2.147669146309946363e-04,2.063180047517413143e-03,2.454264232490927389e-03,8.089361936635829434e-03,3.318208397029606682e-03,3.893526692511200312e-03
5.083612040133779431e+00,1.834579991794674518e-04,1.945683921317851789e-03,2.598632994676001312e-03,7.537412424141716819e-03,3.143149392227985797e-03,4.103795270804922249e-03
5.117056856187290670e+00,1.562319357576814676e-04,1.834212067629816673e-03,2.750739176976086005e-03,7.013046823852005056e-03,2.976015585709364947e-03,4.324662126543280145e-03
5.150501672240802797e+00,1.326492207417813093e-04,1.728531842724303699e-03,2.911035394703589008e-03,6.515635476605546351e-03,2.816582904395745993e-03,4.556972418312955735e-03
5.183946488294314037e+00,1.122703505079120496e-04,1.628410602872320265e-03,3.079974263170902251e-03,6.044548723241201585e-03,2.664627275209147279e-03,4.801571304700606897e-03
5.217391304347826164e+00,9.466042291038456009e-05,1.533615704344863358e-03,3.258008397690433707e-03,5.599152739306914768e-03,2.519924625071569800e-03,5.059303944292914933e-03
5.250836120401337404e+00,7.948105583985549223e-05,1.443914503412940158e-03,3.445590413574571836e-03,5.178726329724627625e-03,2.382250880905031898e-03,5.331015495676532517e-03
5.284280936454849531e+00,6.648547995735125849e-05,1.359074356347548087e-03,3.643172926135727647e-03,4.782465370882443313e-03,2.251381969631536736e-03,5.617551117438147022e-03
5.317725752508360770e+00,5.543054511109570334e-05,1.278862619419693456e-03,3.851208550686290033e-03,4.409562463054372307e-03,2.127093818173100056e-03,5.919755968164408522e-03
5.351170568561872898e+00,4.607310114931261705e-05,1.203046648900374122e-03,4.070149902538668270e-03,4.059210206514423346e-03,2.009162353451725454e-03,6.238475206442005254e-03
5.384615384615384137e+00,3.816999792022581021e-05,1.131393801060596831e-03,4.300449597005251250e-03,3.730601201536609072e-03,1.897363502389430405e-03,6.574553990857589028e-03
5.418060200668896265e+00,3.148142705138262491e-05,1.063671432171359437e-03,4.542560249398449115e-03,3.422926922936763653e-03,1.791473191908218073e-03,6.928837479997844613e-03
5.451505016722407504e+00,2.583172321611649740e-05,9.996468985036676032e-04,4.796934475030649458e-03,3.135357243172166072e-03,1.691267348930102898e-03,7.302170832449423818e-03
5.484949832775919631e+00,2.110300553377942941e-05,9.390875563285200518e-04,5.064024889214266759e-03,2.867042573816891340e-03,1.596521900377091295e-03,7.695399206799014014e-03
5.518394648829430871e+00,1.717945883672595444e-05,8.817640146812997376e-04,5.344295035715922182e-03,2.617132630745702508e-03,1.507012773171196836e-03,8.109367761633262672e-03
5.551839464882942998e+00,1.394526795731070591e-05,8.275066762758339321e-04,5.638409349729676251e-03,2.384777129833366531e-03,1.422515894234425721e-03,8.544921655538866706e-03
5.585284280936454238e+00,1.128461772788808690e-05,7.761984206174466589e-04,5.947208575012956355e-03,2.169125786954636485e-03,1.342807190488791956e-03,9.002906047102462311e-03
5.618729096989966365e+00,9.083713743790157585e-06,7.277239087781206799e-04,6.271539440930389009e-03,1.969330289651797811e-03,1.267662588856300872e-03,9.484166094910751604e-03
5.652173913043477604e+00,7.264362819233057068e-06,6.819678018298445032e-04,6.612248676846564296e-03,1.784577061736381063e-03,1.196858016258967343e-03,9.989546957550374251e-03
5.685618729096989732e+00,5.778809878995349359e-06,6.388147608446013244e-04,6.970183012126114803e-03,1.614082225621174928e-03,1.130169399618796916e-03,1.051989379360802196e-02
5.719063545150501859e+00,4.580280035728403976e-06,5.981494468943784589e-04,7.346189176133640156e-03,1.457062860092680958e-03,1.067372665857801431e-03,1.107605176167035868e-02
5.752508361204013099e+00,3.621998402083589587e-06,5.598565210511622465e-04,7.741113898233740846e-03,1.312736043937400053e-03,1.008243741897992506e-03,1.165886602032403276e-02
5.785953177257525226e+00,2.857190090712270203e-06,5.238206443869364249e-04,8.155803907791045124e-03,1.180318855941832898e-03,9.525585546613768830e-04,1.226918172815574630e-02
5.819397993311036466e+00,2.240089219600630973e-06,4.899264779736888517e-04,8.591105934170142205e-03,1.059032915090242413e-03,9.000930310699675925e-04,1.290784404375213551e-02
5.852842809364548593e+00,1.741291563909297653e-06,4.580586828834035357e-04,9.047866706735668146e-03,9.481734625339015505e-04,8.506230980457715925e-04,1.357569812569990250e-02
5.886287625418059832e+00,1.344667592913672824e-06,4.281019201880677922e-04,9.526932954852207827e-03,8.470954712554435969e-04,8.039246825108014791e-04,1.427358913258567653e-02
5.919732441471571960e+00,1.034470915763932724e-06,3.999408509596656842e-04,1.002915140788439817e-02,7.551556382430587482e-04,7.597737113870648611e-04,1.500236222299617186e-02
5.953177257525083199e+00,7.949551416102345328e-07,3.734601362701846358e-04,1.055536879519681885e-02,6.717106604849313461e-04,7.179461115965739011e-04,1.576286255551800908e-02
5.986622073578595327e+00,6.103738796027552309e-07,3.485444371916088723e-04,1.110643184615411026e-02,5.961172349692512619e-04,6.782178100613364246e-04,1.655593528873791284e-02
6.020066889632106566e+00,4.653913777912522601e-07,3.250805248981409549e-04,1.168320908457040966e-02,5.277380214940526667e-04,6.403710368670561051e-04,1.738246610406124840e-02
6.053511705685618693e+00,3.508162588711580792e-07,3.029867439452789044e-04,1.228689514380144031e-02,4.660249011602540532e-04,6.042823361043008976e-04,1.824394702432967363e-02
6.086956521739129933e+00,2.621870973072248834e-07,2.822057441399679605e-04,1.291893569697366920e-02,4.104984378044088003e-04,5.699008549713503648e-04,1.914233683522299778e-02
6.120401337792642060e+00,1.951641383492678261e-07,2.626808005046223863e-04,1.358078287482833088e-02,3.606809620215439111e-04,5.371776082705376817e-04,2.007960632918222646e-02
6.153846153846153300e+00,1.454076272471016636e-07,2.443551880616584506e-04,1.427388880810658532e-02,3.160948044066857381e-04,5.060636108041989501e-04,2.105772629864828202e-02
6.187290969899665427e+00,1.085778092505415890e-07,2.271721818334905790e-04,1.499970562754966361e-02,2.762622955548611758e-04,4.765098773746673992e-04,2.207866753606218743e-02
6.220735785953176666e+00,8.046905323953240527e-08,2.110750568425348779e-04,1.575968546389871355e-02,2.407123736117307679e-04,4.484674227842791851e-04,2.314440083386484423e-02
6.254180602006688794e+00,5.873186208948912528e-08,1.960070881112057999e-04,1.655528044789497319e-02,2.090654184722324301e-04,4.218872618353674826e-04,2.425689698449728579e-02
6.287625418060200033e+00,4.237221528601233744e-08,1.819115506619195868e-04,1.738794271027959901e-02,1.810085870811494000e-04,3.967204093302683938e-04,2.541812678040041018e-02
6.321070234113712161e+00,3.042697257985337391e-08,1.687317195170906644e-04,1.825912438179382383e-02,1.562305576880168199e-04,3.729178800713153102e-04,2.663006101401524731e-02
6.354515050167223400e+00,2.193299372176296466e-08,1.564108696991351117e-04,1.917027759317879373e-02,1.344200085423690458e-04,3.504306888608440087e-04,2.789467047778270217e-02
6.387959866220735528e+00,1.592713846249189259e-08,1.448922762304675712e-04,2.012285447517575543e-02,1.152656178937404340e-04,3.292098505011881518e-04,2.921392596414381509e-02
6.421404682274246767e+00,1.148090976869677221e-08,1.341192141335039595e-04,2.111830715852584806e-02,9.846030703011769540e-05,3.092063797946834622e-04,3.058979826553946679e-02
6.454849498327758894e+00,8.110158906362051752e-09,1.240349584306589732e-04,2.215808777397032178e-02,8.375142021584811220e-05,2.903712915436636025e-04,3.202425817441071493e-02
6.488294314381271022e+00,5.638500164026574816e-09,1.145827841443483255e-04,2.324364845225034698e-02,7.092399597387411881e-05,2.726556005504636991e-04,3.351927648319846798e-02
6.521739130434782261e+00,3.895713578372575711e-09,1.057076325378634464e-04,2.437646452898043631e-02,5.976382799682347251e-05,2.560103216174188239e-04,3.507682398434366217e-02
6.555183946488294389e+00,2.711579186082300739e-09,9.737503512189765427e-05,2.555829808948240425e-02,5.005670997732407287e-05,2.403864695468628835e-04,3.669887147028735169e-02
6.588628762541805628e+00,1.915877023837991656e-09,8.956441077022237319e-05,2.679110462118811792e-02,4.158843560800373139e-05,2.257350591411313296e-04,3.838738973347041727e-02
6.622073578595317755e+00,1.345398784067349095e-09,8.225543849344052320e-05,2.807684323432042134e-02,3.415290004088616135e-05,2.120071052025580144e-04,4.014434956633390617e-02
6.655518394648828995e+00,9.204507016927205646e-10,7.542779730215572903e-05,2.941747303910204059e-02,2.764049342140957564e-05,1.991536225334784166e-04,4.197172176131869215e-02
6.688963210702341122e+00,6.161864824398430983e-10,6.906116620697092423e-05,3.081495314575585093e-02,2.200497816738400018e-05,1.871256259362264699e-04,4.387147711086584329e-02
6.722408026755852362e+00,4.087184057795479745e-10,6.313522421848972001e-05,3.227124266450456802e-02,1.720122425902067244e-05,1.758741302131374903e-04,4.584558640741621949e-02
6.755852842809364489e+00,2.741587511826657997e-10,5.762965034731509735e-05,3.378830070557106019e-02,1.318410167653080278e-05,1.653501501665456013e-04,4.789602044341090270e-02
6.789297658862875728e+00,1.886197981200307216e-10,5.252412360405060644e-05,3.536808637917804310e-02,9.908480400125757424e-06,1.555047005987859562e-04,5.002475001129072507e-02
6.822742474916387856e+00,1.293258725756053674e-10,4.779832299929926895e-05,3.701255879554838507e-02,7.326343575941293151e-06,1.462887963121927868e-04,5.223374590349680324e-02
6.856187290969899095e+00,8.582276684502457974e-11,4.343192754366460796e-05,3.872367706490480871e-02,5.357688252064248845e-06,1.376534521091011653e-04,5.452497891246996242e-02
6.889632107023411223e+00,5.532697224361012000e-11,3.940461624774967223e-05,4.050340029747019621e-02,3.902598608685152827e-06,1.295496827918453506e-04,5.690041983065128456e-02
6.923076923076922462e+00,3.517087013649581732e-11,3.569606812215795775e-05,4.235368760346722855e-02,2.860857979455448064e-06,1.219285031627604960e-04,5.936203945048162955e-02
6.956521739130434590e+00,2.268684188881551704e-11,3.228596217749254716e-05,4.427649809311881568e-02,2.132249698026586420e-06,1.147409280241808063e-04,6.191180856440208630e-02
6.989966555183945829e+00,1.520726886570303865e-11,2.915397742435690934e-05,4.627379087664765245e-02,1.616557098050013615e-06,1.079379721784413129e-04,6.455169796485347999e-02
7.023411371237457956e+00,1.020338395025537702e-11,2.628020521394411026e-05,4.834747673851487459e-02,1.218774040317379372e-06,1.014729332695010614e-04,6.728361437639000797e-02
7.056856187290969196e+00,6.579869661451656939e-12,2.364899374301343641e-05,5.049896756661484409e-02,8.976858625983369383e-07,9.532267611972458578e-05,7.010880311135680998e-02
7.090301003344481323e+00,4.087066888606461599e-12,2.124720251879748286e-05,5.272938092663724541e-02,6.438119877817284547e-07,8.947796892218694699e-05,7.302811928438565636e-02
7.123745819397992562e+00,2.486246523906104376e-12,1.906172350682629451e-05,5.503983058020280039e-02,4.480819968694737225e-07,8.392975956886721065e-05,7.604241296686334306e-02
7.157190635451504690e+00,1.538679459536904503e-12,1.707944867262965874e-05,5.743143028893246682e-02,3.014254708634922782e-07,7.866899595174381898e-05,7.915253423017688805e-02
7.190635451505016817e+00,1.005636587685178389e-12,1.528726998173755267e-05,5.990529381444703594e-02,1.947719907657037376e-07,7.368662596279564785e-05,8.235933314571310115e-02
7.224080267558528057e+00,6.621722781430682187e-13,1.367207939967992293e-05,6.246253491836729899e-02,1.193059553200262448e-07,6.897359749400158670e-05,8.566365978485881993e-02
7.257525083612040184e+00,4.161155900747483162e-13,1.222076889198659420e-05,6.510426736231424150e-02,6.866639391642327310e-08,6.452085843734011838e-05,8.906636421900107625e-02
7.290969899665551424e+00,2.494975824579201904e-13,1.092023042418755883e-05,6.783160490790852981e-02,3.786412226649491533e-08,6.031935668479024076e-05,9.256829651952661053e-02
7.324414715719063551e+00,1.451599680457997396e-13,9.757355961812653339e-06,7.064566131677117722e-02,2.192494279060428149e-08,5.636004012833047735e-05,9.617030675782252402e-02
7.357859531772574790e+00,8.594445959160296333e-14,8.719037470391856554e-06,7.354755035052290557e-02,1.587465790911448481e-08,5.263385665993975825e-05,9.987324500527548776e-02
7.391304347826086918e+00,5.469276984854584842e-14,7.792166915455021929e-06,7.653838577078470040e-02,1.473907004238863025e-08,4.913175417159666117e-05,1.036779613332725891e-01
7.424749163879598157e+00,3.533700170989437093e-14,6.963636262532106261e-06,7.961928133917722805e-02,1.390568987885283581e-08,4.584468055528012300e-05,1.075853058132005824e-01
7.458193979933110285e+00,2.162307070266858669e-14,6.220337477152979946e-06,8.279135081732150181e-02,1.201750249217222348e-08,4.276358370296868080e-05,1.115961285164464994e-01
7.491638795986621524e+00,1.249039391940914860e-14,5.549162524847592159e-06,8.605570796683824353e-02,9.440300589214420475e-09,3.987941150664127822e-05,1.157112795143970807e-01
7.525083612040133652e+00,6.925682534699210981e-15,4.937725171334051269e-06,8.941311429593769289e-02,6.555565445440058238e-09,3.718311185827649298e-05,1.199316088784393997e-01
7.558528428093644891e+00,3.915647723121313605e-15,4.379921517302194467e-06,9.286126540351440084e-02,3.744778336309380271e-09,3.466563264985322130e-05,1.242579666799601273e-01
7.591973244147157018e+00,2.447000659258733443e-15,3.872882397618691712e-06,9.639627827132637994e-02,1.389420537283009341e-09,3.231792177335006801e-05,1.286912029903464205e-01
7.625418060200668258e+00,1.577252941211670633e-15,3.413765380490576520e-06,1.000142568347085897e-01,-1.708819732252955165e-10,3.013092712074590899e-05,1.332321678809849086e-01
7.658862876254180385e+00,9.600063926631792827e-16,2.999728034124827348e-06,1.037113050289963784e-01,-9.488956492052650918e-10,2.809559658401937957e-05,1.378817114232628038e-01
7.692307692307691624e+00,5.474550301936627223e-16,2.627927926728475170e-06,1.074835267895248164e-01,-1.133906579822495862e-09,2.620287805514931836e-05,1.426406836885666385e-01
7.725752508361203752e+00,2.940224798717468858e-16,2.295522626508503525e-06,1.113270260516291965e-01,-9.165189391182382762e-10,2.444371942611439118e-05,1.475099347482836110e-01
7.759197324414714991e+00,1.541323677660578056e-16,1.999669701671936612e-06,1.152379067506445615e-01,-4.873369011337438171e-10,2.280906858889342987e-05,1.524903146738004200e-01
7.792642140468227119e+00,8.220831994522152631e-17,1.737526720425763263e-06,1.192122728219062316e-01,-3.696463991026221012e-11,2.128987343546509008e-05,1.575826735365041253e-01
7.826086956521738358e+00,3.618164307472456646e-17,1.506251250977003866e-06,1.232462282007492776e-01,2.626382887565019366e-10,1.987708185780821043e-05,1.627878614077814257e-01
7.859531772575250486e+00,1.639498797168148884e-18,1.303000861532651700e-06,1.273358768225089921e-01,3.865134154194765287e-10,1.856164174790144656e-05,1.681067283590194916e-01
7.892976588628762613e+00,-2.272381932997409248e-17,1.124933120299718258e-06,1.314773226225204872e-01,3.793715190419334644e-10,1.733450099772359645e-05,1.735401244616050220e-01
7.926421404682273852e+00,-3.813531239555733840e-17,9.692055954852131260e-07,1.356666695361189168e-01,2.863417266187157352e-10,1.618660749925342416e-05,1.790888997869248267e-01
7.959866220735785980e+00,-4.582198148843678196e-17,8.329758552961331844e-07,1.399000214986395596e-01,1.525531651446675212e-10,1.510890914446962769e-05,1.847539044063660485e-01
7.993311036789297219e+00,-4.701082769746761627e-17,7.134014679394915136e-07,1.441734824454174446e-01,2.313496161463227889e-11,1.409235382535100332e-05,1.905359883913153030e-01
8.026755852842809347e+00,-4.296160914267301788e-17,6.078098136620473550e-07,1.484823914508497378e-01,-6.169264910012327894e-11,1.312855088921511843e-05,1.964349966265214742e-01
8.060200668896321474e+00,-3.517617887755214316e-17,5.147832898169218532e-07,1.528164347889618135e-01,-9.798921297914246674e-11,1.221399825174348738e-05,2.024433450392339462e-01
8.093645484949831825e+00,-2.526489762134817653e-17,4.334667961389429444e-07,1.571627651319210950e-01,-9.807498116131663701e-11,1.134738489942766476e-05,2.085501198759623087e-01
8.127090301003343953e+00,-1.483863792191625236e-17,3.630078856760465059e-07,1.615085232009436100e-01,-7.434690622496778575e-11,1.052741015399873579e-05,2.147443916771761274e-01
8.160535117056856080e+00,-5.508272327111536614e-18,3.025541114761819676e-07,1.658408497172444984e-01,-3.920194074841809634e-11,9.752773337187928005e-06,2.210152309833438300e-01
8.193979933110368208e+00,1.115326615210812454e-18,2.512530265872941007e-07,1.701468854020393162e-01,-5.037037309989648786e-12,9.022173770726416435e-06,2.273517083349342049e-01
8.227424749163878559e+00,3.681181217841366068e-18,2.082521840573296880e-07,1.744137709765433697e-01,1.719422367662967214e-11,8.334310776345413364e-06,2.337428942724156800e-01
8.260869565217390686e+00,2.640382470308044646e-18,1.726991369342290009e-07,1.786286471619724925e-01,2.654636953909331772e-11,7.687883675776026050e-06,2.401778593362577652e-01
8.294314381270902814e+00,-7.925089672109726490e-19,1.437414382659393251e-07,1.827786546795421019e-01,2.631399171567741966e-11,7.081591790749470171e-06,2.466456740669288883e-01
8.327759197324414941e+00,-5.400183441437790130e-18,1.205266411004053790e-07,1.868509342504675597e-01,1.980694866498728017e-11,6.514134442996922440e-06,2.531354090048979488e-01
8.361204013377925293e+00,-9.965331299094522129e-18,1.022022984855728072e-07,1.908326265959642276e-01,1.033509884562818688e-11,5.984210954249586677e-06,2.596361346906331802e-01
8.394648829431437420e+00,-1.327064288690328760e-17,8.791596346938440888e-08,1.947108724372479949e-01,1.208300716205431303e-12,5.490520646238587927e-06,2.661369216646042313e-01
8.428093645484949548e+00,-1.429651964048794267e-17,7.681518909978608019e-08,1.984728124955341400e-01,-4.678192926952474163e-12,5.031762840695129161e-06,2.726268404672794743e-01
8.461538461538461675e+00,-1.331052388220851684e-17,6.804752842472255261e-08,2.021055874920381357e-01,-7.128341531334244157e-12,4.606636859350391329e-06,2.790949616391277255e-01
8.494983277591972026e+00,-1.109542813942084405e-17,6.076053449213898113e-08,2.055963381479753160e-01,-7.026514699673806498e-12,4.213842023935572320e-06,2.855303557206175236e-01
8.528428093645484154e+00,-8.435371261658662736e-18,5.418687313043616855e-08,2.089317106716865324e-01,-5.259947250382203534e-12,3.852077656181804804e-06,2.919220932522181844e-01
8.561872909698996281e+00,-6.114492098455712890e-18,4.809627129297918028e-08,2.120952308982900214e-01,-2.715874001870466305e-12,3.520043077820291751e-06,2.982592447743982467e-01
8.595317725752508409e+00,-4.916929499345739884e-18,4.246736597170967849e-08,2.150692108768753608e-01,-2.815297725496336771e-13,3.216437610582210300e-06,3.045308808276265267e-01
8.628762541806020536e+00,-5.465418164294986726e-18,3.727926190639598708e-08,2.178359599388753065e-01,1.275106737577160382e-12,2.939960576198737588e-06,3.107260719523716741e-01
8.662207357859530887e+00,-7.395414708887062614e-18,3.251106383680670126e-08,2.203777874157225591e-01,1.915523527152136461e-12,2.689311296401065152e-06,3.168338886891023942e-01
8.695652173913043015e+00,-9.969207698374835927e-18,2.814187650270964861e-08,2.226770026388501245e-01,1.876929964531615502e-12,2.463189092920343448e-06,3.228434015782878919e-01
8.729096989966555142e+00,-1.244838938670144607e-17,2.415080464387344090e-08,2.247159149396906752e-01,1.397049899169352875e-12,2.260293287487764437e-06,3.287436811603968168e-01
8.762541806020067270e+00,-1.409455202781004710e-17,2.051695300006641194e-08,2.264768336496769674e-01,7.136071805191023365e-13,2.079323201834506526e-06,3.345237979758978741e-01
8.795986622073577621e+00,-1.416928787564379151e-17,1.721942631105705768e-08,2.279420681002417848e-01,6.432565803462337143e-14,1.918978157691754901e-06,3.401728225652596027e-01
8.829431438127089748e+00,-1.211290362206870501e-17,1.423732931661338108e-08,2.290939276228180221e-01,-3.473052350593101396e-13,1.777957476790670604e-06,3.456798254689512628e-01
8.862876254180601876e+00,-8.393397896258880449e-18,1.154976675650389463e-08,2.299147215488383522e-01,-5.146600343693061356e-13,1.654960480862440726e-06,3.510338772274414487e-01
8.896321070234114003e+00,-3.845395753194860976e-18,9.135843370496942070e-09,2.303867592097356420e-01,-5.013439843774205941e-13,1.548686491638243041e-06,3.562240483811990877e-01
8.929765886287624355e+00,6.960245881847016537e-19,6.974663898360970554e-09,2.304923499369425366e-01,-3.710491373454107539e-13,1.457834830849260402e-06,3.612394094706924408e-01
8.963210702341136482e+00,4.395784908941753881e-18,5.045333079864088082e-09,2.302138030618920694e-01,-1.874675455350139875e-13,1.381104820226659995e-06,3.660690310363909905e-01
8.996655518394648610e+00,6.418806990137638367e-18,3.326955654774752967e-09,2.295334279160167190e-01,-1.429126120798380406e-14,1.317195781501625734e-06,3.707019836187632755e-01
9.030100334448160737e+00,6.141240788110248444e-18,1.801144148090175133e-09,2.284370290464372566e-01,9.459702604375571736e-14,1.264838541428044385e-06,3.751269663120539999e-01
9.063545150501671088e+00,4.081722809423617487e-18,4.630751412650295196e-10,2.269293158500090279e-01,1.383713029069215763e-13,1.222934330469739899e-06,3.793306691399156994e-01
9.096989966555183216e+00,1.143388584773148422e-18,-6.875098583220720205e-10,2.250213600709366490e-01,1.340615564288084392e-13,1.190441727739549471e-06,3.832991059817775215e-01
9.130434782608695343e+00,-1.770336604562380180e-18,-1.650865903257678420e-09,2.227242382479593941e-01,9.871122957258201838e-14,1.166319355567083231e-06,3.870182902075395837e-01
9.163879598662207471e+00,-3.756027477304180117e-18,-2.427248046128422158e-09,2.200490269198165094e-01,4.936376530140788746e-14,1.149525836281949402e-06,3.904742351871021699e-01
9.197324414715717822e+00,-3.910258752173476285e-18,-3.016911339520905106e-09,2.170068026252474080e-01,3.062606578451697679e-15,1.139019792213755783e-06,3.936529542903655088e-01
9.230769230769229949e+00,-1.586670061244952226e-18,-3.420110836021823436e-09,2.136086419029909478e-01,-2.594226450612530337e-14,1.133759845692109750e-06,3.965404608872301617e-01
9.264214046822742077e+00,2.552765956543846022e-18,-3.637101588217769094e-09,2.098656212917866526e-01,-3.761819725855562199e-14,1.132704619046619527e-06,3.991227683475962462e-01
9.297658862876254204e+00,7.430889466372310219e-18,-3.668138648695373318e-09,2.057888173303736579e-01,-3.644427761821143486e-14,1.134812734606893124e-06,4.013858900413639352e-01
9.331103678929766332e+00,1.197037160906653279e-17,-3.513477070041264036e-09,2.013893065574912378e-01,-2.690142827033350919e-14,1.139042814702537707e-06,4.033158393384337348e-01
9.364548494983276683e+00,1.509388352545257305e-17,-3.173371904842096887e-09,1.966781655118788608e-01,-1.347057190016271158e-14,1.144353481663162345e-06,4.048986296087059844e-01
9.397993311036788810e+00,1.572409635635651840e-17,-2.648078205684466714e-09,1.916664707322753569e-01,-6.326311929398221690e-16,1.149703357818373779e-06,4.061202742220808015e-01
9.431438127090300938e+00,1.308895742735517684e-17,-1.937851025155014266e-09,1.863652987574201114e-01,7.873330517957087298e-15,1.154051065497780868e-06,4.069667865484585811e-01
9.464882943143813065e+00,7.878889373422077225e-18,-1.042945415840372642e-09,1.807857261260523984e-01,1.186224801410381870e-14,1.156355227030990987e-06,4.074241799577397183e-01
9.498327759197323417e+00,1.221748083522442039e-18,3.638356967276910807e-11,1.749388293769117975e-01,1.221207365427261245e-14,1.155574464747611936e-06,4.074784678198243304e-01
9.531772575250835544e+00,-5.754531163869547334e-18,1.290083466288556506e-09,1.688368149425344411e-01,9.800952723682672833e-15,1.150667400977251727e-06,4.071156635046128125e-01
9.565217391304347672e+00,-1.192201309027971798e-17,2.662560053110549384e-09,1.624971413919127361e-01,5.507030507553175712e-15,1.140592658049518372e-06,4.063217803820055041e-01
9.598662207357859799e+00,-1.615276241723390007e-17,4.084996387621288814e-09,1.559387922141267091e-01,2.084522911033112374e-16,1.124308858294019668e-06,4.050828318219025781e-01
9.632107023411370150e+00,-1.757510533246816530e-17,5.488574098900775674e-09,1.491807510629883371e-01,-5.202847201444927567e-15,1.100774624040364688e-06,4.033848311942045961e-01
9.665551839464882278e+00,-1.647323254937026486e-17,6.804474816029237489e-09,1.422420015923086811e-01,-9.772736132869101534e-15,1.068948577618159324e-06,4.012137918688115645e-01
9.698996655518394405e+00,-1.345707454436636156e-17,7.963880168086671416e-09,1.351415274558996349e-01,-1.252955459721386576e-14,1.027789341357012011e-06,3.985557272156239894e-01
9.732441471571906533e+00,-9.136580331315201626e-18,8.897971784153152366e-09,1.278983123075728978e-01,-1.250164169102420793e-14,9.762555375865301266e-07,3.953966506045418772e-01
9.765886287625416884e+00,-4.121698924075525101e-18,9.537931293308731262e-09,1.205313398011404746e-01,-8.717336510845093676e-15,9.133057886363266569e-07,3.917225754054660669e-01
9.799331103678929011e+00,9.776206634939283471e-19,9.814940324633550844e-09,1.130595935904132598e-01,-2.049781532214911901e-16,8.378987168360019906e-07,3.875195149882962875e-01
9.832775919732441139e+00,5.480508826070320277e-18,9.660180507207644663e-09,1.055020573292033137e-01,1.310669113846490644e-14,7.489929445151664683e-07,3.827734827229331560e-01
9.866220735785953266e+00,8.404867453911880450e-18,9.004833470111085977e-09,9.787771467132226622e-02,2.746455191674432194e-14,6.455470940034288426e-07,3.774704919792768454e-01
9.899665551839463618e+00,8.688636825227956366e-18,7.780080842424035724e-09,9.020554927058216377e-02,3.810029738688132513e-14,5.265197876304033717e-07,3.715965561272280837e-01
9.933110367892975745e+00,5.269756615412816323e-18,5.917104253226436465e-09,8.250454478079384535e-02,4.024561310083999472e-14,3.908696477256848851e-07,3.651376885366864333e-01
9.966555183946487873e+00,-2.913833500139272149e-18,3.347085331598412330e-09,7.479368485576935732e-02,2.913218461058444570e-14,2.375552966188877997e-07,3.580799025775525668e-01
1.000000000000000000e+01,-1.692419384603403690e-17,1.205706620038642367e-12,6.709195314932037135e-02,-8.302531921230596277e-18,6.553535663961978285e-08,3.504092116197267681e-01
