0.000000000000000000e+00,5.000000000000000000e+01,2.000000000000000000e+01,0.000000000000000000e+00,0.000000000000000000e+00,1.000000000000000000e+01,0.000000000000000000e+00
1.000000000000000021e-02,3.429888751983197892e+01,4.402084412754785347e+00,1.559791302679809988e+01,8.914807251789583220e-02,9.985953740042226912e+00,1.404497973420756191e-02
2.000000000000000042e-02,3.147250761751018544e+01,1.747805488425495435e+00,1.825217472068516145e+01,2.044961692831187838e-01,9.929218089257119573e+00,7.077201529821211534e-02
2.999999999999999889e-02,3.066599187446429298e+01,1.126481084370615893e+00,1.887349347415608136e+01,2.966893877860203310e-01,9.836225619352914507e+00,1.637616599104334270e-01
4.000000000000000083e-02,3.032538845462049792e+01,9.733598959517072435e-01,1.902660164335256354e+01,3.670357257342585777e-01,9.719102745098782137e+00,2.808780245533513686e-01
5.000000000000000278e-02,3.010273373018658205e+01,9.377510166158825600e-01,1.906219608811289135e+01,4.221682128213553598e-01,9.587203821663313974e+00,4.127697307010637084e-01
5.999999999999999778e-02,2.991153983893282131e+01,9.324055003488550541e-01,1.906752982701726395e+01,4.675850139875025735e-01,9.446784025205360535e+00,5.531836384776974702e-01
7.000000000000000666e-02,2.972966698528358975e+01,9.349528201042590636e-01,1.906497427170089765e+01,5.070466429492709315e-01,9.301833716323431034e+00,6.981298295791463770e-01
8.000000000000000167e-02,2.955138167670759231e+01,9.395848851931608570e-01,1.906033699766298639e+01,5.429791177921488021e-01,9.154854026450328419e+00,8.451069149777438172e-01
8.999999999999999667e-02,2.937518543889184386e+01,9.447807816005580062e-01,1.905513808108112528e+01,5.769172029990048411e-01,9.007402997608597417e+00,9.925564337322598796e-01
1.000000000000000056e-01,2.920066191456656668e+01,9.501381433488722550e-01,1.904976291303015401e+01,6.098244632862053205e-01,8.860447178124866596e+00,1.139503350064666742e+00
1.100000000000000006e-01,2.902772528198562441e+01,9.555515070043409942e-01,1.904434437680415115e+01,6.423159499036710240e-01,8.714593841076446523e+00,1.285354100827790669e+00
1.199999999999999956e-01,2.885632403150345127e+01,9.609917699344943109e-01,1.903890183187987262e+01,6.747777092702521573e-01,8.570216369024750591e+00,1.429730431882438868e+00
1.300000000000000044e-01,2.868642249024075142e+01,9.664504266198692406e-01,1.903343126336520896e+01,7.074558667407492285e-01,8.427546240376477371e+00,1.572394604616105918e+00
1.400000000000000133e-01,2.851801872373803093e+01,9.719263912865212518e-01,1.902795246526462236e+01,7.405162322723183310e-01,8.286729708172629216e+00,1.713209720102915279e+00
1.499999999999999944e-01,2.835107533347544617e+01,9.774181076690129366e-01,1.902244762932510724e+01,7.740615468463172277e-01,8.147853035658650711e+00,1.852079832838413820e+00
1.600000000000000033e-01,2.818559164121776561e+01,9.829266568659486003e-01,1.901693637220161293e+01,8.081692258407360274e-01,8.010971181124922680e+00,1.988960333408859693e+00
1.700000000000000122e-01,2.802153018601611123e+01,9.884510643030197663e-01,1.901139995722545706e+01,8.428849637153561503e-01,7.876113063899890854e+00,2.123812446864338010e+00
1.799999999999999933e-01,2.785888756947017342e+01,9.939925442024155622e-01,1.900585623677437042e+01,8.782501975786285442e-01,7.743296441869609303e+00,2.256627948618763480e+00
1.900000000000000022e-01,2.769762899106350673e+01,9.995503288394355090e-01,1.900028874474269358e+01,9.142875241194462488e-01,7.612527112761363846e+00,2.387392424029738169e+00
2.000000000000000111e-01,2.753774718940719879e+01,1.005125510279033962e+00,1.899471189604440369e+01,9.510227639054327220e-01,7.483807036710083516e+00,2.516111666451641860e+00
2.099999999999999922e-01,2.737921112437372173e+01,1.010717543048866185e+00,1.898911273018073231e+01,9.884690387176370274e-01,7.357132346812861989e+00,2.642782789801954912e+00
2.200000000000000011e-01,2.722199839847099767e+01,1.016326397846202712e+00,1.898348829053497511e+01,1.026639702097198459e+00,7.232497014340784958e+00,2.767410329849805173e+00
2.300000000000000100e-01,2.706610631751130214e+01,1.021953710715233221e+00,1.897785882540273050e+01,1.065554373276777156e+00,7.109894443954881460e+00,2.890011824104098181e+00
2.399999999999999911e-01,2.691149969746910742e+01,1.027598594292603140e+00,1.897220525284586046e+01,1.105217225820338101e+00,6.989314481858382777e+00,3.010587441710846690e+00
2.500000000000000000e-01,2.675815681437188687e+01,1.033261053473595759e+00,1.896652493476833712e+01,1.145636831881541973e+00,6.870746604537877111e+00,3.129146389583075560e+00
2.600000000000000089e-01,2.660607649706286537e+01,1.038943027140572628e+00,1.896084071779402080e+01,1.186830962869186434e+00,6.754180687856974785e+00,3.245711184610335920e+00
2.700000000000000178e-01,2.645522315779346911e+01,1.044643478132211811e+00,1.895513139713301243e+01,1.228799008466291420e+00,6.639603812862318044e+00,3.360283624770283417e+00
2.800000000000000266e-01,2.630557587107459838e+01,1.050362465155446845e+00,1.894939469656017295e+01,1.271546766528877770e+00,6.527003010732363109e+00,3.472875570125486977e+00
2.899999999999999800e-01,2.615713255960925920e+01,1.056102032597793450e+00,1.894365305612354433e+01,1.315090311708824400e+00,6.416365749998884205e+00,3.583511794361798231e+00
2.999999999999999889e-01,2.600985945224747553e+01,1.061861152337506109e+00,1.893788581635678980e+01,1.359425847073401084e+00,6.307677178289072373e+00,3.692196306058109112e+00
3.099999999999999978e-01,2.586373647085326866e+01,1.067639953307852663e+00,1.893209105976200490e+01,1.404556813450316133e+00,6.200922317925895655e+00,3.798943188609045229e+00
3.200000000000000067e-01,2.571875930869403959e+01,1.073440432430747826e+00,1.892628882012109770e+01,1.450496810200245568e+00,6.096086433911729330e+00,3.903778192364193877e+00
3.300000000000000155e-01,2.557489719780798154e+01,1.079261691944066293e+00,1.892046068607141152e+01,1.497239750591717211e+00,5.993152878440128895e+00,4.006708310567575815e+00
3.400000000000000244e-01,2.543213091286671457e+01,1.085103938691788894e+00,1.891460505353804677e+01,1.544786752246117389e+00,5.892104734191233817e+00,4.107749761923657594e+00
3.500000000000000333e-01,2.529045354032489001e+01,1.090969025737213549e+00,1.890873856440457601e+01,1.593148193235897514e+00,5.792925117681761549e+00,4.206928677389147886e+00
3.599999999999999867e-01,2.514983768037357947e+01,1.096856259178142334e+00,1.890284585125919747e+01,1.642316284427311368e+00,5.695595595185401372e+00,4.304255460033273195e+00
3.699999999999999956e-01,2.501026495613657374e+01,1.102765924753053239e+00,1.889692556482171426e+01,1.692289815387054697e+00,5.600097357195790160e+00,4.399748387591589704e+00
3.800000000000000044e-01,2.487171691801428963e+01,1.108698302133719338e+00,1.889097580147572231e+01,1.743066466420461147e+00,5.506410978691564040e+00,4.493426073113167440e+00
3.900000000000000133e-01,2.473418889231176010e+01,1.114655743313348824e+00,1.888501672069354242e+01,1.794656485296003634e+00,5.414517170287629355e+00,4.585319061715783739e+00
4.000000000000000222e-01,2.459765272861308105e+01,1.120637230918797300e+00,1.887902898353556580e+01,1.847045755737700246e+00,5.324395038977572270e+00,4.675438068249579082e+00
4.100000000000000311e-01,2.446209103654939554e+01,1.126643091915612072e+00,1.887301137174470611e+01,1.900229917548865499e+00,5.236023398522370087e+00,4.763803833307798108e+00
4.199999999999999845e-01,2.432748641505150644e+01,1.132673653889814558e+00,1.886696211687136326e+01,1.954203551365631952e+00,5.149380541766176655e+00,4.850437343614415475e+00
4.299999999999999933e-01,2.419383481559192006e+01,1.138731557408991568e+00,1.886090255520770498e+01,2.008975827212828413e+00,5.064444972779077681e+00,4.935372083529285803e+00
4.400000000000000022e-01,2.406110931258078978e+01,1.144815644245082753e+00,1.885481218080627386e+01,2.064527901961086265e+00,4.981193745245404259e+00,5.018620167280286815e+00
4.500000000000000111e-01,2.392929355832907490e+01,1.150926286359707396e+00,1.884868985652144957e+01,2.120852566871628486e+00,4.899603695959863892e+00,5.100204375480726249e+00
4.600000000000000200e-01,2.379837127402258190e+01,1.157063862439360991e+00,1.884253395842715051e+01,2.177941685125060367e+00,4.819651275841735583e+00,5.180147634591502737e+00
4.700000000000000289e-01,2.366833803401112846e+01,1.163231137274369331e+00,1.883636514596228650e+01,2.235802592965198343e+00,4.741313206465360253e+00,5.258484935152956119e+00
4.799999999999999822e-01,2.353916918486100229e+01,1.169426942774750122e+00,1.883016350600811961e+01,2.294413222818635134e+00,4.664565016122070418e+00,5.335230208269331698e+00
4.899999999999999911e-01,2.341084948064258242e+01,1.175651701600311405e+00,1.882392796764762721e+01,2.353763995405850462e+00,4.589382105200243700e+00,5.410407729423696743e+00
5.000000000000000000e-01,2.328336381447160619e+01,1.181905846813801952e+00,1.881765705612139428e+01,2.413844576500439931e+00,4.515739641223083467e+00,5.484041810244498549e+00
5.100000000000000089e-01,2.315670688232477659e+01,1.188192130105467426e+00,1.881136944188675386e+01,2.474659932956777109e+00,4.443613113183829455e+00,5.556167672812289737e+00
5.200000000000000178e-01,2.303085683175789100e+01,1.194509478490848320e+00,1.880504702322433985e+01,2.536186263589689016e+00,4.372977115141495119e+00,5.626801135716083202e+00
5.300000000000000266e-01,2.290579955506834864e+01,1.200858369102821621e+00,1.879868878397564558e+01,2.598412178639766701e+00,4.303806211526926440e+00,5.695967365012258199e+00
5.400000000000000355e-01,2.278152113708841142e+01,1.207239291064792219e+00,1.879229339093680196e+01,2.661325721394383503e+00,4.236074885416491576e+00,5.763691455584246448e+00
5.500000000000000444e-01,2.265801527524016024e+01,1.213654876215656486e+00,1.878587672297483380e+01,2.724929184814723904e+00,4.169757984648808424e+00,5.830007814946431388e+00
5.600000000000000533e-01,2.253526305346226266e+01,1.220104225034204459e+00,1.877942322237768735e+01,2.789198377369380033e+00,4.104829758385521998e+00,5.894933965320443114e+00
5.700000000000000622e-01,2.241325151425198925e+01,1.226587870884809028e+00,1.877293191704827180e+01,2.854120670164431495e+00,4.041264525598599278e+00,5.958495368367939804e+00
5.799999999999999600e-01,2.229196792732657073e+01,1.233106359187569501e+00,1.876640159946440534e+01,2.919683050221165921e+00,3.979036659708370394e+00,6.020717319617566510e+00
5.899999999999999689e-01,2.217139976980357474e+01,1.239660230690742049e+00,1.875983081901130589e+01,2.985872111519771721e+00,3.918120600930604880e+00,6.081624923920418979e+00
5.999999999999999778e-01,2.205154204996681599e+01,1.246252613910937779e+00,1.875323728161619385e+01,3.052691789215849827e+00,3.858491329744594189e+00,6.141253618018954974e+00
6.099999999999999867e-01,2.193237715387650155e+01,1.252882255993274629e+00,1.874660326022767975e+01,3.120113961017029869e+00,3.800123342679300631e+00,6.199619415431192770e+00
6.199999999999999956e-01,2.181389350537675398e+01,1.259549723521701026e+00,1.873992784840346815e+01,3.188125142144784707e+00,3.742991352074680922e+00,6.256747433887921872e+00
6.300000000000000044e-01,2.169607976713944097e+01,1.266255597893594764e+00,1.873320991524608203e+01,3.256711622709035137e+00,3.687070278815240076e+00,6.312662477754590107e+00
6.400000000000000133e-01,2.157892482036216109e+01,1.273000457650610207e+00,1.872644809695235324e+01,3.325859445905129608e+00,3.632335254013653092e+00,6.367389023287840288e+00
6.500000000000000222e-01,2.146242406763008859e+01,1.279787680214641732e+00,1.871965980736318258e+01,3.395573149846384364e+00,3.578762049684006463e+00,6.420961694104915907e+00
6.600000000000000311e-01,2.134656208108825481e+01,1.286615875546471832e+00,1.871282754594930609e+01,3.465823338715892987e+00,3.526326122761848314e+00,6.473395587986054522e+00
6.700000000000000400e-01,2.123132861558713458e+01,1.293485646453525817e+00,1.870595042000437047e+01,3.536596333579284046e+00,3.475003236254897487e+00,6.524714796974103059e+00
6.800000000000000488e-01,2.111671367361103435e+01,1.300397612474945008e+00,1.869902735625923285e+01,3.607878382842208520e+00,3.424769475244156869e+00,6.574943009122913296e+00
6.900000000000000577e-01,2.100270748133556964e+01,1.307352392342210567e+00,1.869205708069953076e+01,3.679655615941002988e+00,3.375601231892528364e+00,6.624103504628347849e+00
7.000000000000000666e-01,2.088930537537026666e+01,1.314353408628908149e+00,1.868505517492349099e+01,3.751932187732304413e+00,3.327475570921340609e+00,6.672228720854818107e+00
7.099999999999999645e-01,2.077649440233030020e+01,1.321399300904835927e+00,1.867800586047169276e+01,3.824679472362615851e+00,3.280369412411579422e+00,6.719333168276658164e+00
7.199999999999999734e-01,2.066426558425469295e+01,1.328490714838348685e+00,1.867090824127434701e+01,3.897884117559354156e+00,3.234260030863010726e+00,6.765439447193320355e+00
7.299999999999999822e-01,2.055261019024581870e+01,1.335628312965807751e+00,1.866376129220635960e+01,3.971532824006395845e+00,3.189125096114266977e+00,6.810569706471818918e+00
7.399999999999999911e-01,2.044151970875411450e+01,1.342812758481867208e+00,1.865656382827511095e+01,4.045612274527697672e+00,3.144942638042953931e+00,6.854745655335523935e+00
7.500000000000000000e-01,2.033098584609701831e+01,1.350044709993349246e+00,1.864931454148421963e+01,4.120109167166868147e+00,3.101691051792920373e+00,6.897988573945839086e+00
7.600000000000000089e-01,2.022100494395484915e+01,1.357328223715958737e+00,1.864203014780660084e+01,4.195031122242593113e+00,3.059349470958959927e+00,6.940329714802316197e+00
7.700000000000000178e-01,2.011156582577927665e+01,1.364661453548131620e+00,1.863469353131081974e+01,4.270347532786155753e+00,3.017896920158304130e+00,6.981780572271182983e+00
7.800000000000000266e-01,2.000266090016354781e+01,1.372045073459701836e+00,1.862730381731831031e+01,4.346045881469597028e+00,2.977312817395388223e+00,7.022361627993622513e+00
7.900000000000000355e-01,1.989428280777937985e+01,1.379479778021362346e+00,1.861986002371494209e+01,4.422113788454658412e+00,2.937577016476447866e+00,7.062092884391685921e+00
8.000000000000000444e-01,1.978642439998450087e+01,1.386966263296889323e+00,1.861236101997615577e+01,4.498538921707598170e+00,2.898669775122131753e+00,7.100993866514384578e+00
8.100000000000000533e-01,1.967907873089653492e+01,1.394505222613738660e+00,1.860480556552120746e+01,4.575309019969441948e+00,2.860571740117247685e+00,7.139083653950244468e+00
8.200000000000000622e-01,1.957224243696435195e+01,1.402100973336791956e+00,1.859720908696572650e+01,4.652432874815187525e+00,2.823264278140253492e+00,7.176390752011006846e+00
8.300000000000000711e-01,1.946590652134358024e+01,1.409751516104970515e+00,1.858955570435979254e+01,4.729880937233000182e+00,2.786728722006870829e+00,7.212924888225497710e+00
8.399999999999999689e-01,1.936006464777570102e+01,1.417457560552246143e+00,1.858184452366847950e+01,4.807641785118482503e+00,2.750946788121169995e+00,7.248704253989217250e+00
8.499999999999999778e-01,1.925471069343776165e+01,1.425219839156394164e+00,1.857407458255252308e+01,4.885704199260154645e+00,2.715900631832611545e+00,7.283746579021848078e+00
8.599999999999999867e-01,1.914983873183381391e+01,1.433039086950672614e+00,1.856624480180520109e+01,4.964057058091138508e+00,2.681572814218398104e+00,7.318069130159551072e+00
8.699999999999999956e-01,1.904544302273404810e+01,1.440916037954437678e+00,1.855835401493632730e+01,5.042689348686493211e+00,2.647946280575363076e+00,7.351688745870023745e+00
8.800000000000000044e-01,1.894151800428466359e+01,1.448851420629132969e+00,1.855040098162882245e+01,5.121590171635507005e+00,2.615004353033119067e+00,7.384621848095850538e+00
8.900000000000000133e-01,1.883806105982214163e+01,1.456850317423703078e+00,1.854240143724173251e+01,5.200772070201360897e+00,2.582731057934344765e+00,7.416894819398383021e+00
9.000000000000000222e-01,1.873506504154561370e+01,1.464910126332330087e+00,1.853433907344030018e+01,5.280204664143195892e+00,2.551110379583894971e+00,7.448514220302425493e+00
9.100000000000000311e-01,1.863252488732250001e+01,1.473031582103572434e+00,1.852621298966775498e+01,5.359877918290040455e+00,2.520126651737605084e+00,7.479495634148053185e+00
9.200000000000000400e-01,1.853043572699885644e+01,1.481215447389028883e+00,1.851802224351131443e+01,5.439782045173276792e+00,2.489764633882775691e+00,7.509854211567380311e+00
9.300000000000000488e-01,1.842879286604993538e+01,1.489462488815732621e+00,1.850976579465852367e+01,5.519907372151301672e+00,2.460009465911316529e+00,7.539604675825795077e+00
9.400000000000000577e-01,1.832759177606682499e+01,1.497773473383490428e+00,1.850144252913328557e+01,5.600244345861412398e+00,2.430846646028048230e+00,7.568761355230307686e+00
9.500000000000000666e-01,1.822682808594057491e+01,1.506149164185236256e+00,1.849305127315833985e+01,5.680783534569071591e+00,2.402262018980792835e+00,7.597338199691007432e+00
9.599999999999999645e-01,1.812649757486831348e+01,1.514590316340282961e+00,1.848459079887324918e+01,5.761515625889258807e+00,2.374241769203736752e+00,7.625348788403043976e+00
9.699999999999999734e-01,1.802659839539360220e+01,1.523103134564000705e+00,1.847607742271328135e+01,5.842458047676738708e+00,2.346772751229060816e+00,7.652817527409594867e+00
9.799999999999999822e-01,1.792712517299220210e+01,1.531684100915962965e+00,1.846749421642074651e+01,5.923578984779807044e+00,2.319841739519277635e+00,7.679747419149088650e+00
9.899999999999999911e-01,1.782807407150894008e+01,1.540333962363812370e+00,1.845884026836028369e+01,6.004869916400269680e+00,2.293435794821265361e+00,7.706151320540789662e+00
1.000000000000000000e+00,1.772944142347866148e+01,1.549053501313076620e+00,1.845011464938353640e+01,6.086322602295547668e+00,2.267542373764447561e+00,7.732041701583856508e+00
1.010000000000000009e+00,1.763122371395425603e+01,1.557843506886108731e+00,1.844131635168276162e+01,6.167928918726320653e+00,2.242149267225566511e+00,7.757430662058890647e+00
1.020000000000000018e+00,1.753341757137577872e+01,1.566704770032721461e+00,1.843244430759073538e+01,6.249680855985127792e+00,2.217244579704666041e+00,7.782329959107072703e+00
1.030000000000000027e+00,1.743601975868781651e+01,1.575638079179554341e+00,1.842349740199116681e+01,6.331570517738112081e+00,2.192816716075650429e+00,7.806751024509726911e+00
1.040000000000000036e+00,1.733902716612142925e+01,1.584644216149705187e+00,1.841447447899025036e+01,6.413590118422157538e+00,2.168854373253889634e+00,7.830704974316106792e+00
1.050000000000000044e+00,1.724243817531127121e+01,1.593729543194323917e+00,1.840538879887055757e+01,6.495756517092387661e+00,2.145346807144460133e+00,7.854212363887976167e+00
1.060000000000000053e+00,1.714624916874513616e+01,1.602890459392068756e+00,1.839622641845424411e+01,6.578041402619299483e+00,2.122283234126023821e+00,7.877275204797134833e+00
1.070000000000000062e+00,1.705045734306437311e+01,1.612127735235647785e+00,1.838698640962286746e+01,6.660437631931460878e+00,2.099653094901694050e+00,7.899903977527563903e+00
1.080000000000000071e+00,1.695506003298921271e+01,1.621442176450271999e+00,1.837766784294187516e+01,6.742938328294331818e+00,2.077446165441087178e+00,7.922108844254963422e+00
1.090000000000000080e+00,1.686005470121899918e+01,1.630834596556765215e+00,1.836826974318707428e+01,6.825536740788181511e+00,2.055652505706571098e+00,7.943899664165353869e+00
1.100000000000000089e+00,1.676543892942324732e+01,1.640305811300662775e+00,1.835879109835311240e+01,6.908226229359637038e+00,2.034262437828512127e+00,7.965286016998348373e+00
1.110000000000000098e+00,1.667121041059474607e+01,1.649856634327689697e+00,1.834923086757220645e+01,6.991000260505289887e+00,2.013266534872413249e+00,7.986277216077531271e+00
1.120000000000000107e+00,1.657736694271808275e+01,1.659487873485764098e+00,1.833958798606279217e+01,7.073852403485453522e+00,1.992655613169237006e+00,8.006882316605064887e+00
1.130000000000000115e+00,1.648390642356385172e+01,1.669200327735603340e+00,1.832986136779894437e+01,7.156776325629230939e+00,1.972420725922955143e+00,8.027110121844316382e+00
1.140000000000000124e+00,1.639082684614401586e+01,1.678994784442797927e+00,1.832004990670956701e+01,7.239765786548232107e+00,1.952553157097071557e+00,8.046969188479108581e+00
1.150000000000000133e+00,1.629812722779863776e+01,1.688878697363240589e+00,1.831016575608970243e+01,7.322840593908037654e+00,1.933044670890496919e+00,8.066477555835971813e+00
1.159999999999999920e+00,1.620580534553084817e+01,1.698847470644104574e+00,1.830019596714777919e+01,7.405972523970650201e+00,1.913886961065490944e+00,8.085634757830455044e+00
1.169999999999999929e+00,1.611385939451227145e+01,1.708901855735727171e+00,1.829013964630508937e+01,7.489155835924189653e+00,1.895071872659905843e+00,8.104448878360519970e+00
1.179999999999999938e+00,1.602228768232642508e+01,1.719042642422474731e+00,1.827999590073761382e+01,7.572385034983854624e+00,1.876591531727696438e+00,8.122927739852354279e+00
1.189999999999999947e+00,1.593108861928901376e+01,1.729270630777484996e+00,1.826976380933094646e+01,7.655654741533406415e+00,1.858438289936499732e+00,8.141078930117695123e+00
1.199999999999999956e+00,1.584026070958008425e+01,1.739586623402457510e+00,1.825944242890525615e+01,7.738959670633833277e+00,1.840604704503740141e+00,8.158909821650123462e+00
1.209999999999999964e+00,1.574980254369483390e+01,1.749991420238765638e+00,1.824903080047924320e+01,7.822294625037016225e+00,1.823083527775039014e+00,8.176427582584000930e+00
1.219999999999999973e+00,1.565971279244059922e+01,1.760485814572200880e+00,1.823852795369506197e+01,7.905654490984221461e+00,1.805867700585322311e+00,8.193639183548318883e+00
1.229999999999999982e+00,1.556999020214471763e+01,1.771070589914733651e+00,1.822793290956899526e+01,7.989034234094678055e+00,1.788950346840967986e+00,8.210551402900906126e+00
1.239999999999999991e+00,1.548063359065098155e+01,1.781746517450722767e+00,1.821724468207300163e+01,8.072428894787130105e+00,1.772324768463676481e+00,8.227170831298185050e+00
1.250000000000000000e+00,1.539164184398896928e+01,1.792514353945321881e+00,1.820646227888816426e+01,8.155833583451043367e+00,1.755984440661244594e+00,8.243503875755511245e+00
1.260000000000000009e+00,1.530301391324799098e+01,1.803374839799291252e+00,1.819558470168600195e+01,8.239243475104387926e+00,1.739923007067838201e+00,8.259556763674787305e+00
1.270000000000000018e+00,1.521474881193623752e+01,1.814328697411014435e+00,1.818461094604819905e+01,8.322653804263472566e+00,1.724134275329487709e+00,8.275335546400128806e+00
1.280000000000000027e+00,1.512684634117927729e+01,1.825385866065768470e+00,1.817355360588552315e+01,8.406091483478856929e+00,1.708612486641063022e+00,8.290857249334575130e+00
1.290000000000000036e+00,1.503930542720131847e+01,1.836539360197610549e+00,1.816239935493063484e+01,8.489524378519638148e+00,1.693351730395088017e+00,8.306117627169037121e+00
1.300000000000000044e+00,1.495212516479596765e+01,1.847789822505114143e+00,1.815114741524084963e+01,8.572948058553127026e+00,1.678346163098057842e+00,8.321122455774936810e+00
1.310000000000000053e+00,1.486530474073214947e+01,1.859137942198840987e+00,1.813979700285942087e+01,8.656358321372522369e+00,1.663590174847605629e+00,8.335877297681500764e+00
1.320000000000000062e+00,1.477884342113868854e+01,1.870584422828256876e+00,1.812834731427328805e+01,8.739751063521199015e+00,1.649078324730066214e+00,8.350387543820701808e+00
1.330000000000000071e+00,1.469274054050606004e+01,1.882129970802618901e+00,1.811679753398286863e+01,8.823122254177302892e+00,1.634805319095217202e+00,8.364658433297526230e+00
1.340000000000000080e+00,1.460699549317969570e+01,1.893775288184575301e+00,1.810514684127227625e+01,8.906467926325817075e+00,1.620766001864028416e+00,8.378695062864411014e+00
1.350000000000000089e+00,1.452160772715012449e+01,1.905521067713822791e+00,1.809339441498425671e+01,8.989784172593839884e+00,1.606955349332039873e+00,8.392502392017021862e+00
1.360000000000000098e+00,1.443657673932121988e+01,1.917367989220430280e+00,1.808153943661255170e+01,9.073067141747474196e+00,1.593368466015271601e+00,8.406085246901197294e+00
1.370000000000000107e+00,1.435190207193090650e+01,1.929316716997444559e+00,1.806958109213117680e+01,9.156313035228814456e+00,1.580000581033604856e+00,8.419448323530739131e+00
1.380000000000000115e+00,1.426758330953621545e+01,1.941367897663341724e+00,1.805751857313134323e+01,9.239518103494965828e+00,1.566847044573164371e+00,8.432596190824188653e+00
1.390000000000000124e+00,1.418362007649407985e+01,1.953522158424173538e+00,1.804535107742754718e+01,9.322678642299559115e+00,1.553903324517693640e+00,8.445533293408168163e+00
1.400000000000000133e+00,1.410001203472236497e+01,1.965780105569393754e+00,1.803307780937582550e+01,9.405790988963302013e+00,1.541165003171041770e+00,8.458263954301571630e+00
1.409999999999999920e+00,1.401675888160048977e+01,1.978142323082212828e+00,1.802069798005862822e+01,9.488851518668781182e+00,1.528627774046204868e+00,8.470792377524217542e+00
1.419999999999999929e+00,1.393386078729593258e+01,1.990619077517884694e+00,1.800822113805991975e+01,9.571886170541475281e+00,1.516287664741756691e+00,8.483132443047127325e+00
1.429999999999999938e+00,1.385131746676220921e+01,2.003202695639205277e+00,1.799563711647996200e+01,9.654865601250174123e+00,1.504140560253983461e+00,8.495279345805629490e+00
1.439999999999999947e+00,1.376912862609212418e+01,2.015893665481823138e+00,1.798294533012103003e+01,9.737786400087330207e+00,1.492182365094825824e+00,8.507237132706586991e+00
1.449999999999999956e+00,1.368729403739370554e+01,2.028692510234177515e+00,1.797014518425038787e+01,9.820645329054061179e+00,1.480409161729014045e+00,8.519009685513257324e+00
1.459999999999999964e+00,1.360581352460187965e+01,2.041599761517894240e+00,1.795723607715254033e+01,9.903439227112432519e+00,1.468817151525963816e+00,8.530600767809248808e+00
1.469999999999999973e+00,1.352468695268465915e+01,2.054615947850036761e+00,1.794421740846275171e+01,9.986164987759821088e+00,1.457402636281618813e+00,8.542014041874804064e+00
1.479999999999999982e+00,1.344391422009566561e+01,2.067741587637405232e+00,1.793108858524362503e+01,1.006881955148413255e+01,1.446162011061300712e+00,8.553253075379226189e+00
1.489999999999999991e+00,1.336349525356829915e+01,2.080977184684121628e+00,1.791784902592416984e+01,1.015139990219891608e+01,1.435091760474811240e+00,8.564321344829346927e+00
1.500000000000000000e+00,1.328343000438279553e+01,2.094323225163773561e+00,1.790449816273732608e+01,1.023390306454731657e+01,1.424188455865282421e+00,8.575222238085261850e+00
1.510000000000000009e+00,1.320371844556773588e+01,2.107780175451710036e+00,1.789103544320114381e+01,1.031632610136517592e+01,1.413448752828349697e+00,8.585959056498063902e+00
1.520000000000000018e+00,1.312436056968581788e+01,2.121348480503244982e+00,1.787746033100673415e+01,1.039866611119956552e+01,1.402869388872194367e+00,8.596535016882793201e+00
1.530000000000000027e+00,1.304535638688779464e+01,2.135028562501142257e+00,1.786377230659275028e+01,1.048092022578010329e+01,1.392447181072836049e+00,8.606953253474125987e+00
1.540000000000000036e+00,1.296670592333508765e+01,2.148820819818453742e+00,1.784997086748371586e+01,1.056308560777354444e+01,1.382179023988016286e+00,8.617216819663058303e+00
1.550000000000000044e+00,1.288840921958180274e+01,2.162725626000741475e+00,1.783605552856084486e+01,1.064515944838710126e+01,1.372061887406590852e+00,8.627328689874207868e+00
1.560000000000000053e+00,1.281046632911045791e+01,2.176743328888480544e+00,1.782202582224955023e+01,1.072713896514614085e+01,1.362092814230065008e+00,8.637291761338950380e+00
1.570000000000000062e+00,1.273287731705214654e+01,2.190874249874668500e+00,1.780788129865513625e+01,1.080902139994079114e+01,1.352268918588491520e+00,8.647108855676409078e+00
1.580000000000000071e+00,1.265564225882886262e+01,2.205118683133223012e+00,1.779362152568881328e+01,1.089080401695482436e+01,1.342587383828412584e+00,8.656782720582619106e+00
1.590000000000000080e+00,1.257876123888191522e+01,2.219476894906978970e+00,1.777924608917143345e+01,1.097248410072781866e+01,1.333045460624349365e+00,8.666316031414847743e+00
1.600000000000000089e+00,1.250223434929477229e+01,2.233949122744650850e+00,1.776475459292734982e+01,1.105405895405432304e+01,1.323640464932456462e+00,8.675711392903529884e+00
1.610000000000000098e+00,1.242606202066945364e+01,2.248547831652953910e+00,1.775015583235042627e+01,1.113555948155794972e+01,1.314370006571107030e+00,8.684981825430590163e+00
1.620000000000000107e+00,1.235024436568822281e+01,2.263262476604843254e+00,1.773544093962224366e+01,1.121695303032922730e+01,1.305231503185572128e+00,8.694120204927967777e+00
1.630000000000000115e+00,1.227478139605373286e+01,2.278093165939001352e+00,1.772060973241378790e+01,1.129823700932278818e+01,1.296222341084755980e+00,8.703129108091633981e+00
1.640000000000000124e+00,1.219967317074091007e+01,2.293040040421873815e+00,1.770566201403619289e+01,1.137940897748398683e+01,1.287340053344957491e+00,8.712010973884066090e+00
1.650000000000000133e+00,1.212491977733408710e+01,2.308103246164193934e+00,1.769059758660181103e+01,1.146046655461794650e+01,1.278582253021806059e+00,8.720768163361196201e+00
1.660000000000000142e+00,1.205052131989034692e+01,2.323282921695033920e+00,1.767541626161827395e+01,1.154140739982544694e+01,1.269946614707465837e+00,8.729402976949165449e+00
1.669999999999999929e+00,1.197647791143521623e+01,2.338579190549323616e+00,1.766011786645607629e+01,1.162222920481448796e+01,1.261430868694965790e+00,8.737917659807729720e+00
1.679999999999999938e+00,1.190278966926534032e+01,2.353992156854993301e+00,1.764470224809480214e+01,1.170292969094575319e+01,1.253032798406333637e+00,8.746314404068582959e+00
1.689999999999999947e+00,1.182945671188590353e+01,2.369521902584522888e+00,1.762916927522960364e+01,1.178350660719540421e+01,1.244750238682618804e+00,8.754595350224466443e+00
1.699999999999999956e+00,1.175647915691896372e+01,2.385168485774546099e+00,1.761351883941658514e+01,1.186395772838854512e+01,1.236581074341834174e+00,8.762762588253762530e+00
1.709999999999999964e+00,1.168385711950055317e+01,2.400931939255238401e+00,1.759775085571401476e+01,1.194428085351486502e+01,1.228523238790959482e+00,8.770818158693645117e+00
1.719999999999999973e+00,1.161159071105526763e+01,2.416812269769688548e+00,1.758186526300578834e+01,1.202447380423657108e+01,1.220574712746667512e+00,8.778764053641065601e+00
1.729999999999999982e+00,1.153968003821032795e+01,2.432809457274137888e+00,1.756586202418324305e+01,1.210453442347427178e+01,1.212733522953094223e+00,8.786602217775602242e+00
1.739999999999999991e+00,1.146812520181109463e+01,2.448923454379541287e+00,1.754974112623765947e+01,1.218446057410016792e+01,1.204997740914464766e+00,8.794334549394141831e+00
1.750000000000000000e+00,1.139692629608936869e+01,2.465154185938383868e+00,1.753350258029510300e+01,1.226425013784341367e+01,1.197365481760907846e+00,8.801962901355846469e+00
1.760000000000000009e+00,1.132608340785187906e+01,2.481501548679879932e+00,1.751714642162812652e+01,1.234390101424615693e+01,1.189834903110131403e+00,8.809489082043851838e+00
1.770000000000000018e+00,1.125559661564672354e+01,2.497965410869948943e+00,1.750067270964857258e+01,1.242341111961627753e+01,1.182404203874543480e+00,8.816914856384723720e+00
1.780000000000000027e+00,1.118546598893856903e+01,2.514545612018318277e+00,1.748408152787337144e+01,1.250277838602226410e+01,1.175071623050796710e+00,8.824241946895062583e+00
1.790000000000000036e+00,1.111569158760127429e+01,2.531241962715415461e+00,1.746737298389037818e+01,1.258200076068587059e+01,1.167835438965953543e+00,8.831472034336934840e+00
1.800000000000000044e+00,1.104627346113643327e+01,2.548054244385362210e+00,1.745054720930006908e+01,1.266107620504649311e+01,1.160693968112153085e+00,8.838606758730549018e+00
1.810000000000000053e+00,1.097721164797548354e+01,2.564982209083751741e+00,1.743360435964417832e+01,1.274000269393034834e+01,1.153645564094144316e+00,8.845647720269825598e+00
1.820000000000000062e+00,1.090850617483976670e+01,2.582025579328421916e+00,1.741654461431994250e+01,1.281877821478821922e+01,1.146688616651227566e+00,8.852596480172937987e+00
1.830000000000000071e+00,1.084015705605302848e+01,2.599184047933416508e+00,1.739936817646164258e+01,1.289740076686644876e+01,1.139821550591017196e+00,8.859454561606497691e+00
1.840000000000000080e+00,1.077216429316609769e+01,2.616457277925315683e+00,1.738207527286219189e+01,1.297586836074672156e+01,1.133042825199990444e+00,8.866223450193761124e+00
1.850000000000000089e+00,1.070452811038124352e+01,2.633859150523760295e+00,1.736467337468114636e+01,1.305421471931105515e+01,1.126351153963646379e+00,8.872915108638771642e+00
1.860000000000000098e+00,1.063724851379723546e+01,2.651376448179891376e+00,1.734715594863629917e+01,1.313240536716748252e+01,1.119745035968600977e+00,8.879521162439516502e+00
1.870000000000000107e+00,1.057032537172133502e+01,2.669008698545624725e+00,1.732952341984411149e+01,1.321043835578477399e+01,1.113222910570718094e+00,8.886043148624173327e+00
1.880000000000000115e+00,1.050375858185289424e+01,2.686755455965008643e+00,1.731177619686988223e+01,1.328831186605661330e+01,1.106783339109550068e+00,8.892482487307912464e+00
1.890000000000000124e+00,1.043754805076780023e+01,2.704616276839474143e+00,1.729391469023445893e+01,1.336602412819829055e+01,1.100424935052668696e+00,8.898840548484292512e+00
1.900000000000000133e+00,1.037169368221017152e+01,2.722590707450089020e+00,1.727593932334157856e+01,1.344357340256518007e+01,1.094146346533547476e+00,8.905118668862305853e+00
1.910000000000000142e+00,1.030619537064516500e+01,2.740678277452828215e+00,1.725785053828127147e+01,1.352095797422715684e+01,1.087946251685368848e+00,8.911318156181691208e+00
1.919999999999999929e+00,1.024105299766882915e+01,2.758878496340737119e+00,1.723964879879060419e+01,1.359817615077857589e+01,1.081823356975320394e+00,8.917440290590343821e+00
1.929999999999999938e+00,1.017626642995488417e+01,2.777190851486312173e+00,1.722133459167907077e+01,1.367522626096842764e+01,1.075776396271628910e+00,8.923486325311065670e+00
1.939999999999999947e+00,1.011183551801057590e+01,2.795614807029651594e+00,1.720290842744557125e+01,1.375210665358650708e+01,1.069804130092172345e+00,8.929457487145445072e+00
1.949999999999999956e+00,1.004776009538200832e+01,2.814149803252525395e+00,1.718437084047187113e+01,1.382881569652005993e+01,1.063905344925161423e+00,8.935354976937048832e+00
1.959999999999999964e+00,9.984039978092789980e+00,2.832795256231074976e+00,1.716572238899007985e+01,1.390535177592595595e+01,1.058078852566495698e+00,8.941179970044087710e+00
1.969999999999999973e+00,9.920674964212450320e+00,2.851550557663213858e+00,1.714696365493379915e+01,1.398171329551748521e+01,1.052323489469698892e+00,8.946933616828815161e+00
1.979999999999999982e+00,9.857664833538917648e+00,2.870415074819720580e+00,1.712809524374278780e+01,1.405789867601188448e+01,1.046638116168507437e+00,8.952617043112747197e+00
1.989999999999999991e+00,9.795009347283620826e+00,2.889388150559005553e+00,1.710911778411135131e+01,1.413390635458347688e+01,1.041021616637708425e+00,8.958231350697488438e+00
